date,aapl,amzn
2010-01-05,0,0
2010-01-06,-0.015932462842788334,-0.018222554144884183
2010-01-07,-0.017757614611680975,-0.03502613890963405
2010-01-08,-0.011212581117856345,-0.008737864077669757
2010-01-11,-0.019952375968180912,-0.03272591486183717
2010-01-12,-0.03111916474774966,-0.054817027632561605
2010-01-13,-0.017430526481054955,-0.04167289021657947
2010-01-14,-0.023128401716558368,-0.05481702763256164
2010-01-15,-0.03948280824785417,-0.0563853622106049
2010-01-19,0.0030844410718024453,-0.05287528005974613
2010-01-20,-0.012406452794640897,-0.0665421956684093
2010-01-21,-0.029473911450701266,-0.06026885735623606
2010-01-22,-0.0777063271927988,-0.09902912621359224
2010-01-25,-0.05282473309608545,-0.10739357729648999
2010-01-26,-0.03943701590956674,-0.11359223300970879
2010-01-27,-0.03035377852208504,-0.0891710231516058
2010-01-28,-0.07051038831902884,-0.06467513069454822
2010-01-29,-0.10427896692484834,-0.06930545182972378
2010-02-01,-0.091816909148001,-0.11814787154592984
2010-02-02,-0.0865377067196987,-0.12374906646751312
2010-02-03,-0.07079168411136702,-0.11643017176997776
2010-02-04,-0.10434111366966725,-0.1400298730395819
2010-02-05,-0.08840865082687901,-0.1292008961911876
2010-02-08,-0.09466911764705895,-0.1333831217326365
2010-02-09,-0.0849971216244507,-0.1244212098581032
2010-02-10,-0.09001465354825224,-0.12942494398805093
2010-02-11,-0.07340838915637442,-0.10903659447348785
2010-02-12,-0.06541762612518331,-0.11224794622852899
2010-02-16,-0.05130704416998127,-0.12815533980582544
2010-02-17,-0.05527789407577985,-0.13726661687826755
2010-02-18,-0.05351161817040002,-0.12404779686333113
2010-02-19,-0.059389391877747784,-0.12823002240478001
2010-02-22,-0.06525081117856413,-0.12457057505601221
2010-02-23,-0.08093468704207687,-0.13032113517550448
2010-02-24,-0.06412889889051734,-0.11179985063480244
2010-02-25,-0.05784880678249985,-0.12315160567587785
2010-02-26,-0.04560589805317185,-0.121657953696789
2010-03-01,-0.025185786058195936,-0.07580283793876055
2010-03-02,-0.02583996231944773,-0.06840926064227072
2010-03-03,-0.023596137743353965,-0.06572068707991084
2010-03-04,-0.017149230688717078,-0.04600448095593769
2010-03-05,0.021355584048565586,-0.04316654219566888
2010-03-08,0.021960697090223413,-0.034204630321135604
2010-03-09,0.040372487963156234,-0.04383868558625901
2010-03-10,0.04887677935942989,-0.03121732636295811
2010-03-11,0.05196122043123239,-0.008289768483943876
2010-03-12,0.05709977496336547,-0.021433905899926116
2010-03-15,0.044202689972785585,-0.026587005227782675
2010-03-16,0.0470548984718436,-0.021657953696789387
2010-03-17,0.04551104249528914,-0.025018670649739286
2010-03-18,0.047987099644127194,-0.014413741598208378
2010-03-19,0.0367745185262709,-0.03241224794622928
2010-03-22,0.04845483567092235,-0.03151605675877592
2010-03-23,0.06532277056730076,-0.04055265123226362
2010-03-24,0.07004265229223273,-0.04966392830470571
2010-03-25,0.0573352784174159,0.0002987303958170871
2010-03-26,0.07719279882771521,0.0027632561613138637
2010-03-29,0.08415650512874086,0.0032113517550406163
2010-03-30,0.10029830437512993,0.014107542942493903
2010-03-31,0.09635035063847494,0.008065720687079432
2010-04-01,0.10088379212895013,-0.021508588498880266
2010-04-05,0.1126589648314831,-0.02389843166542245
2010-04-06,0.11756528679087175,0.006497386109036052
2010-04-07,0.12251740108854822,0.0013442867811794788
2010-04-08,0.11948202323633957,0.04682598954443559
2010-04-09,0.12807789930918878,0.04010455563853568
2010-04-12,0.1304165794431641,0.04861837191934226
2010-04-13,0.13106748482310956,0.040851381628080136
2010-04-14,0.1463032499476646,0.07162061239731102
2010-04-15,0.16139509629474447,0.08312173263629523
2010-04-16,0.15429074209754942,0.05587005227781882
2010-04-19,0.15275015700230132,0.05780433159073907
2010-04-20,0.14116142453422528,0.07102315160567534
2010-04-21,0.2095228438350415,0.08767737117251646
2010-04-22,0.2433993615239677,0.1150112023898429
2010-04-23,0.2637736811806557,0.06676624346527224
2010-04-26,0.2575590066987634,0.09275578790141865
2010-04-27,0.22269795373665321,0.054742345033606865
2010-04-28,0.22064384027632264,0.03480209111277035
2010-04-29,0.2535390935733709,0.05257654966392791
2010-04-30,0.21825936780405958,0.017998506348020617
2010-05-03,0.24284004082059726,0.020911127707244057
2010-05-04,0.20700099434791588,-0.03629574309185977
2010-05-05,0.194408101318818,-0.02808065720687098
2010-05-06,0.1489199549926721,-0.044660194174757424
2010-05-07,0.1003702637638673,-0.0725168035847649
2010-05-10,0.1850860895959796,-0.025392083644511003
2010-05-11,0.1969070546368002,-0.03159073935772968
2010-05-12,0.22293345719070448,-0.006123973114264531
2010-05-13,0.20550293070964923,-0.024047796863330997
2010-05-14,0.18429126543855864,-0.045982076176251226
2010-05-17,0.18615893866443275,-0.04316654219566874
2010-05-18,0.17746820703370209,-0.06280806572068734
2010-05-19,0.15868353569185575,-0.07542942494398824
2010-05-20,0.10924743562905484,-0.11187453323375679
2010-05-21,0.13055395645802703,-0.08939507094846919
2010-05-24,0.15130115658362872,-0.09387602688573574
2010-05-25,0.14410521770985857,-0.0734129947722182
2010-05-26,0.1389143290768255,-0.08573562359970148
2010-05-27,0.18209323320075246,-0.05967139656460061
2010-05-28,0.19858828762821742,-0.06893203883495173
2010-06-01,0.21704587083943805,-0.08551157580283822
2010-06-02,0.23162418882143493,-0.06258401792382406
2010-06-03,0.22774819447351788,-0.044286781179985545
2010-06-04,0.19431324576093684,-0.08902165795369721
2010-06-07,0.17083485974460852,-0.0946975354742348
2010-06-08,0.16331183274021258,-0.11840926064227074
2010-06-09,0.13466545425999496,-0.12531740104555672
2010-06-10,0.16882326774125922,-0.08573562359970159
2010-06-11,0.18284226501988587,-0.08707991038088153
2010-06-14,0.18644023445677085,-0.08110530246452598
2010-06-15,0.21172087607284776,-0.05862584017923837
2010-06-16,0.2470463941804467,-0.05817774458551172
2010-06-17,0.26863421080175715,-0.06572068707991059
2010-06-18,0.27893094515386085,-0.06616878267363727
2010-06-21,0.26068924010885364,-0.09066467513069482
2010-06-22,0.27788426313585807,-0.09247946228528772
2010-06-23,0.26442785744190783,-0.09887976101568355
2010-06-24,0.2552235974460947,-0.12218073188947003
2010-06-25,0.24447548147372702,-0.1022404779686335
2010-06-28,0.2519494452585292,-0.12613890963405544
2010-06-29,0.19527161398367066,-0.19477221807318915
2010-06-30,0.17358894180447873,-0.1899178491411503
2010-07-01,0.15933771195310767,-0.17722180731889497
2010-07-02,0.15214177307933732,-0.19081404032860363
2010-07-06,0.16004095143395336,-0.18394324122479486
2010-07-07,0.20692903495917853,-0.15877520537714734
2010-07-08,0.2042436414067397,-0.13793876026885765
2010-07-09,0.21139378794222244,-0.1301717699775954
2010-07-12,0.20048212790454198,-0.11336818521284549
2010-07-13,0.1748416893447764,-0.08244958924570586
2010-07-14,0.1791854197194886,-0.08506348020911146
2010-07-15,0.1732160613355655,-0.09432412247946241
2010-07-16,0.16597433012350787,-0.12098581030619887
2010-07-19,0.14578645070127616,-0.11015683345780447
2010-07-20,0.17527344567720238,-0.1089619118745334
2010-07-21,0.1862537942223143,-0.1289021657953697
2010-07-22,0.20860699706928937,-0.1091859596713966
2010-07-23,0.21288858069918282,-0.1181478715459297
2010-07-26,0.20980413962738026,-0.12165795369678853
2010-07-27,0.23223257274439943,-0.13114264376400298
2010-07-28,0.2176542547624023,-0.13114264376400298
2010-07-29,0.20433522608331495,-0.13315907393577292
2010-07-30,0.2003185838392287,-0.1254667662434653
2010-08-02,0.22181154490265767,-0.10918595967139655
2010-08-03,0.22218442537157135,-0.09163554891710232
2010-08-04,0.22709401821226638,-0.05309932785660942
2010-08-05,0.2211115763031183,-0.051232262882748236
2010-08-06,0.2135918201800285,-0.04757281553398044
2010-08-09,0.22134380887586286,-0.04376400298730378
2010-08-10,0.21041252355034473,-0.03502613890963391
2010-08-11,0.16732847498429912,-0.06572068707991022
2010-08-12,0.17480570965040743,-0.06071695294996241
2010-08-13,0.1622357127904536,-0.07468259895444342
2010-08-16,0.1554126543855968,-0.06437640029873028
2010-08-17,0.175646326146116,-0.04353995519044034
2010-08-18,0.1807881515595555,-0.03764002987303943
2010-08-19,0.16587947456562613,-0.05317401045556378
2010-08-20,0.16475756227757923,-0.05175504107542933
2010-08-23,0.1468167783127478,-0.06041822255414492
2010-08-24,0.11938716767845856,-0.07587752053771471
2010-08-25,0.1332197247226286,-0.0585511575802839
2010-08-26,0.12102260833158815,-0.07341299477221809
2010-08-27,0.12728307515176815,-0.06011949215832704
2010-08-30,0.13139457295373597,-0.08140403286034341
2010-08-31,0.13420098911450637,-0.07363704256908137
2010-09-01,0.1679826512455511,-0.016430171769977464
2010-09-02,0.17658179819970632,0.003883495145631294
2010-09-03,0.20741966715511773,0.030619865571322083
2010-09-07,0.20293528888423634,0.018894697535474462
2010-09-08,0.22681272241992823,0.033233756534727626
2010-09-09,0.22751269101946778,0.04249439880507866
2010-09-10,0.2291023393343098,0.057879014189694114
2010-09-13,0.24606185890726334,0.07752053771471282
2010-09-14,0.25083080385178913,0.08259895444361504
2010-09-15,0.2609214726815986,0.08035847647498164
2010-09-16,0.29059490789198145,0.10037341299477257
2010-09-17,0.28498861733305336,0.10182972367438423
2010-09-20,0.32171407263973123,0.12408513816280847
2010-09-21,0.32423592212685715,0.1197908887229279
2010-09-22,0.342834153234247,0.12800597460791677
2010-09-23,0.34830306677831196,0.13562359970127
2010-09-24,0.3641897372828127,0.1944734876773714
2010-09-27,0.3587862413648725,0.1843166542195672
2010-09-28,0.33867686309399114,0.18678117998506374
2010-09-29,0.3410580646849478,0.18147871545929836
2010-09-30,0.3241443374502817,0.16706497386109062
2010-10-01,0.3183973989951845,0.142046303211352
2010-10-04,0.3002669039145901,0.1545929798356985
2010-10-05,0.3483946514548873,0.19551904406273368
2010-10-06,0.3495623560812221,0.15466766243465307
2010-10-07,0.3497030039773911,0.1611650485436897
2010-10-08,0.3723669405484607,0.15578790141896975
2010-10-11,0.37839517479589624,0.13696788648244984
2010-10-12,0.3932515176889253,0.1627333831217329
2010-10-13,0.4007287523550338,0.15294996265870078
2010-10-14,0.41086848440443713,0.1556385362210609
2010-10-15,0.468949523759681,0.22367438386855884
2010-10-18,0.48418528888423623,0.2156086631814791
2010-10-19,0.4444179139627374,0.17908887229275602
2010-10-20,0.4492784435838387,0.17908887229275602
2010-10-21,0.44455856185890674,0.22613890963405547
2010-10-22,0.43498142139417983,0.2572068707991041
2010-10-25,0.4413825361105289,0.2562359970126963
2010-10-26,0.43768971111576244,0.26333084391336836
2010-10-27,0.43666265438559715,0.2451082897684842
2010-10-28,0.42456039355243813,0.2401045556385365
2010-10-29,0.404653809922545,0.22808065720687104
2010-11-01,0.41960827925476174,0.2082897684839437
2010-11-02,0.4438128009210795,0.22345033607169587
2010-11-03,0.45988591166003695,0.2522778192681111
2010-11-04,0.48544457818714626,0.2557132188200156
2010-11-05,0.48011958342055616,0.26945481702763313
2010-11-08,0.48708001884027563,0.2785660941000753
2010-11-09,0.47521326146116744,0.26572068707991103
2010-11-10,0.4843226658990992,0.2885735623599707
2010-11-11,0.47789865501360634,0.2664675130694553
2010-11-12,0.43759485555788086,0.23144137415982127
2010-11-15,0.43294693322168665,0.18080657206870845
2010-11-16,0.40750601842160294,0.17244212098581077
2010-11-17,0.40241325622775764,0.17669902912621388
2010-11-18,0.4394657996650614,0.2201643017177001
2010-11-19,0.4315240998534643,0.2250186706497391
2010-11-22,0.4625026167050448,0.26661687826736424
2010-11-23,0.44086900774544663,0.2502613890963411
2010-11-24,0.4692079233828761,0.3178491411501128
2010-11-26,0.473715197822901,0.31971620612397383
2010-11-29,0.478902815574628,0.33457804331590835
2010-11-30,0.45217644442118465,0.3040328603435409
2010-12-01,0.47670805421812823,0.312621359223302
2010-12-02,0.48488525748377603,0.312471994025393
2010-12-03,0.48156858383922907,0.30612397311426537
2010-12-06,0.49423016537575826,0.32382374906646844
2010-12-07,0.48516655327611397,0.3142643764002997
2010-12-08,0.4982468076198443,0.31067961165048624
2010-12-09,0.49239520096294676,0.29992531740104633
2010-12-10,0.4961469018212259,0.30567587752053854
2010-12-13,0.5013312486916468,0.2954443614637797
2010-12-14,0.49488434163700973,0.2931292008961919
2010-12-15,0.49521142976763594,0.3053024645257662
2010-12-16,0.49936871990789133,0.32374906646751367
2010-12-17,0.4963791343939705,0.3203136669156094
2010-12-20,0.5038563690600789,0.36295743091859656
2010-12-21,0.5131783807829174,0.37386109036594534
2010-12-22,0.5176398628846548,0.37393577296489966
2010-12-23,0.5103490684530031,0.35772964899178544
2010-12-27,0.5153960383085614,0.3543689320388354
2010-12-28,0.5190888633033278,0.3465272591486189
2010-12-29,0.5182482468076193,0.36355489171023214
2010-12-30,0.5106303642453416,0.35892457057505656
2010-12-31,0.5054918097132084,0.33838685586258455
2011-01-03,0.5382464151140876,0.3699029126213597
2011-01-04,0.5462829704835662,0.37580283793876057
2011-01-05,0.5589478229014018,0.39380134428678126
2011-01-06,0.5576852627171858,0.3821508588498882
2011-01-07,0.5688520514967546,0.3793876026885737
2011-01-10,0.5984535273184002,0.37333831217326374
2011-01-11,0.5946462214779145,0.3707991038088126
2011-01-12,0.6076348911450699,0.3688573562359971
2011-01-13,0.6135224774963364,0.37968633308439126
2011-01-14,0.6266060027213727,0.4037341299477221
2011-01-18,0.5900211953108639,0.4224047796863331
2011-01-19,0.581562696252878,0.3896938013442869
2011-01-20,0.5527789407577974,0.3530246452576551
2011-01-21,0.524930657316307,0.3191187453323375
2011-01-24,0.575066725978647,0.31486183719193434
2011-01-25,0.5935243091898674,0.31374159820761754
2011-01-26,0.6049723937617746,0.3039581777445854
2011-01-27,0.6019828082478537,0.3716206123973114
2011-01-28,0.5687604668201793,0.27221807318894686
2011-01-31,0.5838032499476653,0.2610156833457803
2011-02-01,0.6104870996441276,0.27946228528752814
2011-02-02,0.6071671551182746,0.29006721433905897
2011-02-03,0.6030556573163068,0.29141150112023906
2011-02-04,0.6173559503872719,0.30799103808812545
2011-02-07,0.6424926732258736,0.31172516803584754
2011-02-08,0.6580064632614607,0.36123973114264357
2011-02-09,0.6718390203056308,0.37796863330843894
2011-02-10,0.6549220221896583,0.38476474981329317
2011-02-11,0.6657159305003136,0.407468259895444
2011-02-14,0.6766046943688503,0.4162061239731138
2011-02-15,0.679970431232991,0.40582524271844617
2011-02-16,0.6950622775800707,0.3878267363704253
2011-02-17,0.6724931965668823,0.39634055265123164
2011-02-18,0.6363270619635749,0.3869305451829718
2011-02-22,0.5804865763031186,0.34152352501866995
2011-02-23,0.5992254553066774,0.31359223300970807
2011-02-24,0.6004389522712994,0.3215832710978336
2011-02-25,0.6251112099644123,0.31777445855115705
2011-02-28,0.6487106185890721,0.28827483196415177
2011-03-01,0.6304852679505961,0.25952203136669105
2011-03-02,0.6436145855139204,0.2787901418969375
2011-03-03,0.6783807829181487,0.28454070201642967
2011-03-04,0.6804381672597862,0.276176250933532
2011-03-07,0.6587554950805941,0.2568334578043313
2011-03-08,0.6606231683064682,0.24047796863330795
2011-03-09,0.6452500261670502,0.25660941000746795
2011-03-10,0.6181507745446929,0.23487677371172466
2011-03-11,0.6430094724722626,0.24929051530993224
2011-03-14,0.6503427883608954,0.23928304705003678
2011-03-15,0.6123547728700016,0.22696041822255375
2011-03-16,0.5403005285744185,0.2241224794622847
2011-03-17,0.561937408415323,0.19626587005227736
2011-03-18,0.5433882405275271,0.20261389096340493
2011-03-21,0.5837116652710901,0.222815533980582
2011-03-22,0.5925888371362775,0.20843913368185152
2011-03-23,0.5831981369060074,0.22875280059746014
2011-03-24,0.6102058038517892,0.2719193427931287
2011-03-25,0.6409062957923377,0.27102315160567525
2011-03-28,0.6357644703788984,0.258849887976101
2011-03-29,0.6381947351894488,0.29820761762509285
2011-03-30,0.6273092422022184,0.3340552651232256
2011-03-31,0.626733567092317,0.3393577296489912
2011-04-01,0.6082890674063215,0.3393577296489912
2011-04-04,0.5925430447979898,0.36034353995519
2011-04-05,0.5817949288256221,0.37789395070948434
2011-04-06,0.5778240789198237,0.35899925317401005
2011-04-07,0.5780105191542806,0.37505601194921545
2011-04-08,0.5638999371990785,0.37356235997012666
2011-04-11,0.5439933535691854,0.3685586258401788
2011-04-12,0.5514705882352937,0.34197162061239694
2011-04-13,0.5688978438350427,0.35548917102315114
2011-04-14,0.5515654437931753,0.3519790888722923
2011-04-15,0.528387978857023,0.33846153846153804
2011-04-18,0.5488996755285741,0.325989544436146
2011-04-19,0.5769834624241154,0.32957430918595926
2011-04-20,0.5982441909147999,0.36728902165795324
2011-04-21,0.6369616129369897,0.3823749066467506
2011-04-25,0.6477686047728698,0.3788648244958918
2011-04-26,0.6356728857023235,0.35556385362210563
2011-04-27,0.6344103255181073,0.4625840179238233
2011-04-28,0.6185236550136066,0.45093353248693
2011-04-29,0.6343154699602258,0.45646004480955893
2011-05-02,0.6163256227758004,0.4966392830470495
2011-05-03,0.6252976501988694,0.476176250933532
2011-05-04,0.6316987649152186,0.4875280059746076
2011-05-05,0.6185236550136066,0.4661687826736369
2011-05-06,0.6181017113250992,0.46982823002240437
2011-05-09,0.6224945049194053,0.4937266616878266
2011-05-10,0.631139444211848,0.5171769977595218
2011-05-11,0.6207674795897002,0.5204630321135174
2011-05-12,0.6176830385178979,0.5330843913368185
2011-05-13,0.5893179558300186,0.5068707991038089
2011-05-16,0.5556736707138368,0.431814787154593
2011-05-17,0.5689469070546365,0.44899178491411507
2011-05-18,0.5863741626543852,0.4660194174757282
2011-05-19,0.5894586037261879,0.47882748319641544
2011-05-20,0.5646489690182119,0.4776699029126216
2011-05-23,0.5608154961272762,0.4595220313666917
2011-05-24,0.5504893238434161,0.43749066467513087
2011-05-25,0.5719364925685577,0.429947722180732
2011-05-26,0.5636186414067407,0.4504107542942498
2011-05-27,0.5748802857441907,0.44391336818521315
2011-05-31,0.6235706248691645,0.4630321135175508
2011-06-01,0.6127276533389154,0.43095593726661735
2011-06-02,0.6154948189240106,0.44032860343540003
2011-06-03,0.6030556573163071,0.40052277819268145
2011-06-06,0.5778240789198239,0.38088125466766287
2011-06-07,0.5497860843625703,0.39477221807318963
2011-06-08,0.5507215564161605,0.398506348020912
2011-06-09,0.5472184425371568,0.41067961165048616
2011-06-10,0.5210971844253711,0.38715459297983634
2011-06-13,0.5243680657316302,0.3853622106049297
2011-06-14,0.5516570284697503,0.41277072442121054
2011-06-15,0.525071305212476,0.38304705003734185
2011-06-16,0.517639862884655,0.3656460044809567
2011-06-17,0.49474369374084093,0.38595967139656523
2011-06-20,0.47166108436257,0.39604182225541523
2011-06-21,0.5182940391459069,0.444660194174758
2011-06-22,0.5057240422859527,0.4252427184466028
2011-06-23,0.5460049455725344,0.44413741598207696
2011-06-24,0.5232003611052954,0.43211351755041166
2011-06-27,0.5497860843625698,0.49708737864077746
2011-06-28,0.5648321383713617,0.5053024645257661
2011-06-29,0.5591342631358585,0.5189693801344295
2011-06-30,0.5667488748168299,0.5212845407020172
2011-07-01,0.6022150408205978,0.5586258401792391
2011-07-05,0.6310445886539662,0.5862584017923831
2011-07-06,0.6419333525225028,0.5937266616878276
2011-07-07,0.6673513711534429,0.6127707244212108
2011-07-08,0.679080751517688,0.6242718446601949
2011-07-11,0.6524001727025321,0.5814787154592989
2011-07-12,0.6512324680761977,0.5716206123973122
2011-07-13,0.6711848440443785,0.5885735623599712
2011-07-14,0.670017139418044,0.5652725914861847
2011-07-15,0.7034259210801752,0.5838685586258412
2011-07-18,0.7449203213313786,0.5738610903659458
2011-07-19,0.7591715511827499,0.6226288274831977
2011-07-20,0.8061315940967124,0.6038834951456324
2011-07-21,0.8079534749842988,0.5864077669902925
2011-07-22,0.8360372618798401,0.6111277072442133
2011-07-25,0.8603366391040395,0.5884988797610168
2011-07-26,0.883278600586141,0.5936519790888732
2011-07-27,0.832720588235293,0.6559223300970884
2011-07-28,0.8291193479171018,0.6662434652725926
2011-07-29,0.8228588810969217,0.6559372666168795
2011-08-01,0.8521594358383915,0.646975354742346
2011-08-02,0.8155255652082887,0.5751306945481711
2011-08-03,0.8326257326774118,0.5621359223300981
2011-08-04,0.7616018159933002,0.4988050784167297
2011-08-05,0.744076433954364,0.5079163554891718
2011-08-08,0.6487106185890719,0.44070201643017237
2011-08-09,0.7459015857232565,0.525765496639284
2011-08-10,0.697678982625078,0.44391336818521365
2011-08-11,0.7444525853045838,0.47550410754294353
2011-08-12,0.7598257274440018,0.5049290515309945
2011-08-15,0.7898229799037044,0.5097834204630329
2011-08-16,0.7761343416370101,0.4704256908140413
2011-08-17,0.7759479014025532,0.45735623599701375
2011-08-18,0.7087051235084775,0.35720687079910485
2011-08-19,0.6618857284906842,0.3303958177744595
2011-08-22,0.663802464936152,0.3200149365197916
2011-08-23,0.743984849277789,0.4395817774458562
2011-08-24,0.7560413177726601,0.44092606422703606
2011-08-25,0.7445474408624654,0.4282300224047807
2011-08-26,0.7906178040611256,0.48230022404779793
2011-08-29,0.8204776795059654,0.5365197908887238
2011-08-30,0.8205692641825408,0.5693054518297247
2011-08-31,0.7964595980741047,0.6014936519790899
2011-09-01,0.7787019834624236,0.5814040328603445
2011-09-02,0.7460880259577134,0.562434652725916
2011-09-06,0.7726770200962944,0.6085884988797621
2011-09-07,0.7922532447142553,0.6363704256908149
2011-09-08,0.793234509106133,0.6166542195668419
2011-09-09,0.7621153443583835,0.5728155339805834
2011-09-12,0.7736092212685781,0.6114264376400309
2011-09-13,0.7954783336822268,0.6336071695295009
2011-09-14,0.817344175214569,0.6563106796116518
2011-09-15,0.8344476135649984,0.6877520537714727
2011-09-16,0.8696815469960224,0.7812546676624366
2011-09-19,0.9216885597655429,0.7991038088125486
2011-09-20,0.9301928511618166,0.7360716952949982
2011-09-21,0.9240697613564993,0.725765496639285
2011-09-22,0.8758471582583205,0.6612397311426454
2011-09-23,0.8874358907263967,0.6640776699029143
2011-09-26,0.8821566882980947,0.710679611650487
2011-09-27,0.863885545321331,0.6685586258401809
2011-09-28,0.8533729328030139,0.709634055265125
2011-09-29,0.8232808247854295,0.6553398058252444
2011-09-30,0.780056128323215,0.6089619118745349
2011-10-03,0.7486589386644331,0.5772218073188962
2011-10-04,0.7388462947456558,0.5811053024645274
2011-10-05,0.7657133137952685,0.633368185212847
2011-10-06,0.7616018159933006,0.648394324122481
2011-10-07,0.7262272346661077,0.6725168035847664
2011-10-10,0.8150578291814938,0.7216579536967903
2011-10-11,0.8686970117228376,0.7527259148618386
2011-10-12,0.8775774544693314,0.7626587005227798
2011-10-13,0.9067340904333255,0.7577296489917864
2011-10-14,0.9701433954364654,0.8365944734876789
2011-10-17,0.9607526952061954,0.8038834951456326
2011-10-18,0.9712653077245125,0.8154592979835711
2011-10-19,0.8608959598074097,0.723226288274833
2011-10-20,0.8454279621101101,0.7387602688573575
2011-10-21,0.8340256698764905,0.7474981329350273
2011-10-24,0.8943047414695409,0.7686333084391349
2011-10-25,0.8569218390203047,0.6905153099327866
2011-10-26,0.8701460121415107,0.47580283793876116
2011-10-27,0.8892577716139829,0.538386855862585
2011-10-28,0.8904745394599111,0.6171023151605685
2011-10-31,0.8896797153024898,0.5886482449589254
2011-11-01,0.8510342526690378,0.5781553398058261
2011-11-02,0.855240606028887,0.6044062733383132
2011-11-03,0.8816889522712988,0.6243465272591495
2011-11-04,0.868464779150093,0.6108289768483951
2011-11-07,0.8660835775591363,0.6147124719940262
2011-11-08,0.8964537104877526,0.6221060492905164
2011-11-09,0.8452873142139404,0.5715459297983578
2011-11-10,0.79828147896169,0.5683345780433167
2011-11-11,0.7954783336822262,0.6176250933532497
2011-11-14,0.7704331955201998,0.629126213592234
2011-11-15,0.8151494138580689,0.6209111277072452
2011-11-16,0.796178302281766,0.5772964899178501
2011-11-17,0.7617882562277571,0.5215085884988807
2011-11-18,0.7502453160979687,0.4663928304705011
2011-11-21,0.7225376805526473,0.4074682598954452
2011-11-22,0.757581902867908,0.43054518297236843
2011-11-23,0.7130979171027836,0.40552651232262993
2011-11-25,0.6971163910404014,0.3563032113517561
2011-11-28,0.7557600219803221,0.44406273338312297
2011-11-29,0.7421171760519152,0.40104555638536327
2011-11-30,0.7841708970064891,0.43017176997759643
2011-12-01,0.8109430604982204,0.466318147871547
2011-12-02,0.81921511932175,0.45810306198655837
2011-12-05,0.8346798461377432,0.4596713965646016
2011-12-06,0.8250569133347289,0.4279312920089632
2011-12-07,0.8163661817039981,0.452800597460793
2011-12-08,0.8237027684739375,0.4166542195668421
2011-12-09,0.8375320546368011,0.43569828230022545
2011-12-12,0.8292142034749841,0.4094846900672158
2011-12-13,0.8150578291814944,0.34219566840926197
2011-12-14,0.7747769258949131,0.33995519044062883
2011-12-15,0.7689384027632404,0.34779686333084536
2011-12-16,0.7786561911241362,0.34779686333084536
2011-12-19,0.7842166893447768,0.33338312173263784
2011-12-20,0.8484208185053378,0.3572068707991053
2011-12-21,0.8507333315888628,0.2961911874533247
2011-12-22,0.8605688716767842,0.3311426437640043
2011-12-23,0.8829024492359216,0.31807318894697667
2011-12-27,0.8978569185681387,0.3105302464525779
2011-12-28,0.8796806311492565,0.2927557879014202
2011-12-29,0.8912660927360265,0.292531740104557
2011-12-30,0.8907067720326562,0.28685586258401913
2012-01-03,0.9198176156583628,0.33114264376400426
2012-01-04,0.9301437879422227,0.31979088872292877
2012-01-05,0.9515909566673639,0.3205377147124734
2012-01-06,0.97201106866234,0.35787901418969514
2012-01-09,0.9688808352522501,0.3276325616131453
2012-01-10,0.975936126229851,0.33345780433159194
2012-01-11,0.9727110372618794,0.3301717699775964
2012-01-12,0.9672944578187143,0.3079910380881266
2012-01-13,0.9599088078291812,0.32658700522778294
2012-01-17,0.9827591846347076,0.3507841672890228
2012-01-18,1.0033657368641404,0.4088872292755801
2012-01-19,0.9970104144860787,0.44630321135175627
2012-01-20,0.9621984247435625,0.4200149365197922
2012-01-23,0.9954174952899307,0.3838685586258414
2012-01-24,0.9627152239899517,0.3906646751306958
2012-01-25,1.08537327297467,0.3966392830470514
2012-01-26,1.0758844463052122,0.4378342046303225
2012-01-27,1.0882680029307092,0.4531740104555654
2012-01-30,1.1150434373037463,0.4291262135922345
2012-01-31,1.1312571959388729,0.44622852875280206
2012-02-01,1.1299030510780819,0.33435399551904543
2012-02-02,1.1249018735608114,0.3512322628827498
2012-02-03,1.1462083943897834,0.3957430918595982
2012-02-06,1.1662556259158463,0.3618371919342806
2012-02-07,1.1889653548252037,0.3696788648244974
2012-02-08,1.2256450177935938,0.3793129200896206
2012-02-09,1.3026971687251407,0.3755787901418985
2012-02-10,1.3038681442327817,0.3797610156833474
2012-02-13,1.346762481683064,0.4249439880507859
2012-02-14,1.3788171184844038,0.42277819268110706
2012-02-15,1.3237256646430804,0.37176997759522185
2012-02-16,1.3449406007954776,0.33786407766990456
2012-02-17,1.34451865710697,0.35705750560119637
2012-02-21,1.4040029045425992,0.35526512322628956
2012-02-22,1.3955444054846133,0.3427184466019432
2012-02-23,1.4111988434163696,0.330097087378642
2012-02-24,1.4393284226501981,0.33188946975354877
2012-02-27,1.4549795897006486,0.32740851381628217
2012-02-28,1.5000719593887366,0.36676624346527414
2012-02-29,1.5329214203474972,0.3360716952949977
2012-03-01,1.542406976135649,0.33868558625840334
2012-03-02,1.5457236497801958,0.33315907393577465
2012-03-05,1.4895593468704198,0.3403286034354012
2012-03-06,1.4760080856185884,0.34652725914862026
2012-03-07,1.478016406740631,0.3665421956684112
2012-03-08,1.5308182436675726,0.39544436146378076
2012-03-09,1.5456778574419077,0.37064973861090555
2012-03-12,1.5775918463470786,0.3637042569081422
2012-03-13,1.6528221163910388,0.37266616878267556
2012-03-14,1.7531923801549076,0.35526512322629
2012-03-15,1.7344077088130607,0.3714712471994045
2012-03-16,1.7344535011513487,0.3761015683345801
2012-03-19,1.8070212738120142,0.37961165048543893
2012-03-20,1.8297310027213722,0.430470500373415
2012-03-21,1.8135630364245325,0.42598954443614817
2012-03-22,1.7987950073267722,0.43099327856609604
2012-03-23,1.7834218651873546,0.4507094846900691
2012-03-26,1.834496676784591,0.5091859596713985
2012-03-27,1.8695408990998517,0.5283793876026903
2012-03-28,1.8842108017584238,0.4964152352501884
2012-03-29,1.8479530824785408,0.5221807318894716
2012-03-30,1.7997762717186496,0.5064973861090382
2012-04-02,1.8889339543646613,0.4731889469753564
2012-04-03,1.938883582792545,0.48521284540702175
2012-04-04,1.9154738852836484,0.4428678117998522
2012-04-05,1.9592579024492338,0.44585511575802994
2012-04-09,1.9711704521666296,0.4270351008215103
2012-04-10,1.934772084990578,0.39051530993278716
2012-04-11,1.9243052648105485,0.3979088872292771
2012-04-12,1.9082779464098787,0.4182225541448856
2012-04-13,1.826319473518943,0.40156833457804475
2012-04-16,1.7090354825204082,0.37946228528752934
2012-04-17,1.8472073215407143,0.4010455563853633
2012-04-18,1.8408487282813466,0.42106049290515424
2012-04-19,1.7431900251203665,0.4212845407020176
2012-04-20,1.675623429976971,0.41292008961911997
2012-04-23,1.6696442589491292,0.3999253174010469
2012-04-24,1.6162798304375112,0.4155339805825258
2012-04-25,1.8486072587397926,0.4460791635548932
2012-04-26,1.8378591427674251,0.45780433159074085
2012-04-27,1.8158984456772012,0.6882748319641541
2012-04-30,1.7270220588235272,0.7259895444361482
2012-05-01,1.718380390412391,0.7120985810306217
2012-05-02,1.7363702375968162,0.713666915608665
2012-05-03,1.7169313899937184,0.7076923076923093
2012-05-04,1.6395030877119519,0.6669156086631832
2012-05-07,1.6592690234456762,0.675653472740853
2012-05-08,1.6531949968599524,0.6662434652725933
2012-05-09,1.6578690862465972,0.6593726661687843
2012-05-10,1.6641295530667772,0.6870799103808831
2012-05-11,1.6463261461168088,0.6944734876773729
2012-05-14,1.6066568976344975,0.6589992531740121
2012-05-15,1.5830607598911437,0.6699029126213609
2012-05-16,1.5499071069709012,0.6674383868558643
2012-05-17,1.4753539093573358,0.6248693054518315
2012-05-18,1.4765674063219583,0.5911874533233774
2012-05-21,1.6209539198241565,0.6230022404779705
2012-05-22,1.6008151036215188,0.602240477968635
2012-05-23,1.6643159933012344,0.6168035847647515
2012-05-24,1.6398301758425786,0.6015683345780451
2012-05-25,1.6256738015490888,0.5840179238237506
2012-05-29,1.6723067563324254,0.5979088872292773
2012-05-30,1.7045478333682218,0.5566840926064244
2012-05-31,1.6978196305212463,0.5841672890216598
2012-06-01,1.6195997749633655,0.5491411501120258
2012-06-04,1.6350187094410709,0.5965646004480976
2012-06-05,1.628198921917521,0.5864077669902932
2012-06-06,1.668522346661084,0.6194921583271117
2012-06-07,1.669735843625706,0.6281553398058274
2012-06-08,1.7099218913544059,0.6257654966392852
2012-06-11,1.6671682018002922,0.6109783420463053
2012-06-12,1.6904830437513079,0.6103808812546698
2012-06-13,1.6717932279673429,0.5977595220313688
2012-06-14,1.6688494347917096,0.5956684092606443
2012-06-15,1.6809974879631564,0.6247946228528775
2012-06-18,1.7354347655432276,0.6569828230022428
2012-06-19,1.7430493772241988,0.6672143390590016
2012-06-20,1.7352548670713834,0.6596713965646028
2012-06-21,1.6975383347289092,0.6414115011202414
2012-06-22,1.7182397425162241,0.6532486930545209
2012-06-25,1.6652743615239696,0.6376400298730421
2012-06-26,1.671161947875236,0.6790141896938042
2012-06-27,1.6827277841741681,0.6790888722927585
2012-06-28,1.6572607023236343,0.6469006721433932
2012-06-29,1.7271201852627174,0.6994772218073215
2012-07-02,1.7669300816411977,0.7067214339059025
2012-07-03,1.7991220954574003,0.7082897684839458
2012-07-05,1.8483259629474569,0.6898431665421981
2012-07-06,1.8293548513711535,0.674831964152355
2012-07-09,1.8667835461586768,0.674831964152355
2012-07-10,1.8402436152396904,0.6333831217326387
2012-07-11,1.8225808561858907,0.6249439880507865
2012-07-12,1.7967408938664438,0.602464525765499
2012-07-13,1.8251027056730167,0.6250933532486952
2012-07-16,1.8341663177726613,0.6073188946975376
2012-07-17,1.8343102365501363,0.6141896938013465
2012-07-18,1.8311309399204532,0.6182225541448862
2012-07-19,1.868791867280721,0.6831964152352521
2012-07-20,1.821972472262928,0.6990291262135943
2012-07-23,1.8197777109064281,0.6820014936519811
2012-07-24,1.806177386435003,0.6598207617625113
2012-07-25,1.6849225455306693,0.6150858849887997
2012-07-26,1.6845038727234682,0.6371919342793149
2012-07-27,1.7325367647058845,0.7664675130694568
2012-07-30,1.778656191124138,0.7572815533980604
2012-07-31,1.8521594358383944,0.7364451082897705
2012-08-01,1.8337018526271736,0.7274085138162828
2012-08-02,1.838281086455936,0.7178491411501141
2012-08-03,1.8752420452166645,0.7489171023151626
2012-08-06,1.9072476187984109,0.7415982076176272
2012-08-07,1.8996068400669897,0.760791635548919
2012-08-08,1.8946808928197636,0.7445108289768504
2012-08-09,1.8987465982834437,0.7421209858103083
2012-08-10,1.9032767688926122,0.7323375653472761
2012-08-13,1.942059608540927,0.7300224047796884
2012-08-14,1.949958786895543,0.7356235997012717
2012-08-15,1.9459388737701506,0.7672143390590012
2012-08-16,1.971687251413023,0.7980582524271864
2012-08-17,2.026683849696465,0.7952203136669173
2012-08-20,2.1063036424534256,0.789096340552653
2012-08-21,2.063841061335569,0.7823749066467529
2012-08-22,2.1236883765961934,0.8096340552651247
2012-08-23,2.094528469750893,0.7954294249439895
2012-08-24,2.097298906217294,0.8293502613890977
2012-08-27,2.1555107808247884,0.8157580283793888
2012-08-28,2.1513960121415145,0.8321135175504123
2012-08-29,2.145161712371784,0.8396564600448111
2012-08-30,2.1003179296629715,0.832935026138911
2012-08-31,2.1067255861419327,0.8482449589245722
2012-09-04,2.1521908362989355,0.8453323375653488
2012-09-05,2.130043698974255,0.8329350261389112
2012-09-06,2.158264862884659,0.8714712471994042
2012-09-07,2.177752773707351,0.9294249439880524
2012-09-10,2.0950452689972825,0.9141150112023914
2012-09-11,2.0849971216244545,0.9035100821508604
2012-09-12,2.1279863146326186,0.9032113517550426
2012-09-13,2.18961953108646,0.9376400298730414
2012-09-14,2.2284023707347744,0.9453323375653488
2012-09-17,2.268123953317986,0.920911127707246
2012-09-18,2.278080516014239,0.9265123226288292
2012-09-19,2.2789636539669287,0.9483943241224814
2012-09-20,2.2630737125811216,0.9418969380134448
2012-09-21,2.2695762246179645,0.9169529499626607
2012-09-24,2.2261127538203924,0.8970500373413013
2012-09-25,2.1455084257902475,0.8795369678864843
2012-09-26,2.1064475612309006,0.8587005227781944
2012-09-27,2.1818610006280115,0.9103808812546693
2012-09-28,2.115442484823114,0.8934279312920107
2012-10-01,2.079390831065525,0.8761762509335342
2012-10-02,2.0883628584885945,0.8656460044809577
2012-10-03,2.1357448450910645,0.9053771471247216
2012-10-04,2.1140163805735845,0.9393577296489937
2012-10-05,2.047617490056523,0.9247199402539222
2012-10-08,1.9802373351475853,0.9288274831964168
2012-10-09,1.9693976344986424,0.8683345780433175
2012-10-10,1.9930395645802834,0.8237490664675146
2012-10-11,1.9331824366757404,0.8179985063480224
2012-10-12,1.9407250889679741,0.8041075429424961
2012-10-15,1.9643016014234906,0.8176997759522049
2012-10-16,2.0345437774754056,0.8159073935772981
2012-10-17,2.0103457975717007,0.8424197162061258
2012-10-18,1.9543973728281379,0.8227035100821527
2012-10-19,1.8478582269206645,0.7864824495892474
2012-10-22,1.9608900722210623,0.7400298730395833
2012-10-23,1.8642845928406981,0.7439880507841689
2012-10-24,1.8805212476449689,0.7005227781926826
2012-10-25,1.8464484770776672,0.6589245705750573
2012-10-26,1.8205725350638513,0.7733383121732651
2012-10-31,1.7800136068662376,0.7334055265123238
2012-11-01,1.7857114821017412,0.7277819268110541
2012-11-02,1.6934759001465394,0.7298879761015695
2012-11-05,1.7300214569813726,0.7441374159820773
2012-11-06,1.7217395855139244,0.7682598954443627
2012-11-07,1.6056363826669493,0.7271919342793141
2012-11-08,1.5110065155955652,0.6920089619118754
2012-11-09,1.554509236968812,0.6842419716206135
2012-11-12,1.5347433012350882,0.6854368932038847
2012-11-13,1.5350605767217953,0.6864077669902924
2012-11-14,1.5069408101318853,0.6591486183719204
2012-11-15,1.4543254134394004,0.6415907393577307
2012-11-16,1.4639450753611083,0.6761762509335334
2012-11-19,1.6417469122880504,0.7096340552651244
2012-11-20,1.619239978019681,0.7400298730395829
2012-11-21,1.6229164486079162,0.7717699775952214
2012-11-23,1.6687087868955444,0.7855862584017936
2012-11-26,1.7529568767008619,0.8135175504107559
2012-11-27,1.7307639470378935,0.8118894697535488
2012-11-28,1.7221648000837382,0.8395817774458569
2012-11-29,1.75216205254344,0.8706497386109056
2012-11-30,1.7330960854092556,0.8764749813293524
2012-12-03,1.7373515019886991,0.8636221060492927
2012-12-04,1.6890111471634945,0.8797460791635571
2012-12-05,1.5158768578605848,0.8907393577296514
2012-12-06,1.555369478752358,0.8863330843913393
2012-12-07,1.489981290558931,0.8855713218820039
2012-12-10,1.473957243039567,0.844510828976851
2012-12-11,1.5280052857441935,0.8663181478715485
2012-12-12,1.5168483096085434,0.8743091859596737
2012-12-13,1.4733455882352968,0.8705003734129972
2012-12-14,1.380377328867492,0.8551157580283819
2012-12-17,1.422601135649992,0.8899925317401071
2012-12-18,1.4930166684111392,0.9388349514563129
2012-12-19,1.4575505024073712,0.9208364451082921
2012-12-20,1.436149126020517,0.9470500373413017
2012-12-21,1.4249365449026608,0.9128454070201666
2012-12-24,1.4288517898262532,0.9255414488424217
2012-12-26,1.395354694368853,0.850941000746828
2012-12-27,1.4049841689344795,0.8485436893203905
2012-12-28,1.3794189606447582,0.8251680358476496
2012-12-31,1.4849474042285973,0.8676624346527282
2013-01-02,1.5637102260833176,0.9157580283793899
2013-01-03,1.5313121467448205,0.9244958924570601
2013-01-04,1.460775591375342,0.9294996265870077
2013-01-07,1.4462888580699196,0.9990216579536997
2013-01-08,1.4528796839020321,0.9834951456310707
2013-01-09,1.414515517060918,0.9832710978342075
2013-01-10,1.444466977182333,0.9757281553398083
2013-01-11,1.429466715511829,0.9951456310679638
2013-01-14,1.3427916317772675,1.0309185959671423
2013-01-15,1.2688206510362166,1.024719940253923
2013-01-16,1.3630678249947679,1.0025392083644533
2013-01-17,1.3471353621519793,1.0141150112023924
2013-01-18,1.3346144285116193,1.0263629574309214
2013-01-22,1.3568989428511626,1.0119492158327137
2013-01-23,1.4000549508059463,0.9964152352501894
2013-01-24,1.103314056939503,1.0375653472740878
2013-01-25,1.0536915166422454,1.115011202389846
2013-01-28,1.1001838235294128,1.0556385362210634
2013-01-29,1.1396208394389795,0.9384615384615413
2013-01-30,1.1328926365920042,1.0311725168035877
2013-01-31,1.126632169771824,0.9769230769230797
2013-02-01,1.1178923749215,0.9731889469753575
2013-02-04,1.0650741835880269,0.9356982823002269
2013-02-05,1.1376321436047738,0.9873039581777471
2013-02-06,1.135322901402555,0.9524271844660223
2013-02-07,1.1861164172074532,0.9375653472740878
2013-02-08,1.2177033179819978,0.9504107542942518
2013-02-11,1.2408317196985568,0.9150112023898453
2013-02-12,1.1846183535691865,0.9261389096340574
2013-02-13,1.1804610634289312,1.0065720687079933
2013-02-14,1.1784985346451755,1.0048543689320408
2013-02-15,1.1484522189658788,0.9738610903659466
2013-02-19,1.1476573948084579,1.0086631814787177
2013-02-20,1.0956045897006494,0.9837191934279336
2013-02-21,1.0825668568139006,0.9802091112770744
2013-02-22,1.1047630573581753,0.9763256161314436
2013-02-25,1.0673343625706517,0.9348767737117274
2013-02-26,1.0961639104040197,0.9310679611650508
2013-02-27,1.0756064213941812,0.9601194921583293
2013-02-28,1.0607925999581334,0.9677371172516823
2013-03-01,1.0097210592422028,0.9787154592979856
2013-03-04,0.9610307201172289,1.0337565347274107
2013-03-05,1.0128709179401303,1.0522778192681124
2013-03-06,0.9872533755495084,1.038834951456313
2013-03-07,1.0102444002512043,1.0395070948469027
2013-03-08,1.015562853255182,1.0418222554144905
2013-03-11,1.0442975455306684,1.0197908887229297
2013-03-12,1.0001897111157636,1.041374159820764
2013-03-13,0.9998135597655435,1.0486183719193451
2013-03-14,1.0192066150303545,0.9787154592979856
2013-03-15,1.0713542756960446,0.9494398805078436
2013-03-18,1.1277050188402773,0.9200896191187472
2013-03-19,1.1219580803851799,0.9090365944734897
2013-03-20,1.1106964360477298,0.9155190440627352
2013-03-21,1.1137350847812446,0.8864824495892473
2013-03-22,1.1566294222315268,0.919044062733385
2013-03-25,1.1644337450282614,0.9061239731142661
2013-03-26,1.1530150983881104,0.9381628080657225
2013-03-27,1.1106964360477298,0.9754294249439899
2013-03-28,1.0666801863094,0.9843166542195689
2013-04-01,1.0024302648105512,0.9478715459298004
2013-04-02,1.006551575256438,0.9606572068708009
2013-04-03,1.016822142558092,0.9286034353995535
2013-04-04,0.9968697665899111,0.9289768483943258
2013-04-05,0.9757496859953957,0.9020911127707261
2013-04-08,0.9898144756123098,0.9280059746079181
2013-04-09,0.9934124450491951,0.9443614637789411
2013-04-10,1.0341120211429775,0.9714712471994043
2013-04-11,1.027756698764916,1.0094100074682621
2013-04-12,1.006590825832113,1.031964152352504
2013-04-15,0.9600952480636391,0.9935026138909657
2013-04-16,0.989955123508479,1.0280059746079186
2013-04-17,0.8804263920870848,0.9911127707244233
2013-04-18,0.830195467866863,0.9315160567587776
2013-04-19,0.8230943845509742,0.9382374906646775
2013-04-22,0.8611281923801557,0.9623599701269631
2013-04-23,0.8959859744609597,1.00231516056759
2013-04-24,0.8928655536947884,1.0014189693801367
2013-04-25,0.906501857860583,1.0456310679611676
2013-04-26,0.9477378584885922,0.8970873786407791
2013-04-29,1.0080856185890734,0.8592233009708763
2013-04-30,1.06723950701277,0.8896191187453351
2013-05-01,1.050934163701068,0.8479462285287553
2013-05-02,1.0800450073267747,0.8802091112770752
2013-05-03,1.1008870630102583,0.9212845407020192
2013-05-06,1.151023131672599,0.9038834951456335
2013-05-07,1.141436178563953,0.9188946975354769
2013-05-08,1.1656472419928834,0.9259895444361491
2013-05-09,1.1326113407996656,0.9370425690814069
2013-05-10,1.1148569970692908,0.9629574309185986
2013-05-13,1.1231257850115142,0.9695294996265895
2013-05-14,1.072286476868328,0.9980582524271873
2013-05-15,1.002152239899519,0.984839432412251
2013-05-16,1.0289178616286379,0.9666168782673666
2013-05-17,1.0227555212476456,1.0097834204630352
2013-05-20,1.0679427464936158,0.9928304705003763
2013-05-21,1.0526644599120791,1.0020164301717729
2013-05-22,1.0605767217919202,0.9579536967886506
2013-05-23,1.064249921498849,0.9492905153099352
2013-05-24,1.0783147111157632,0.9488424197162085
2013-05-28,1.0609757693112836,0.9902912621359247
2013-05-29,1.0773825099434795,0.9771471247199423
2013-05-30,1.1083610267950594,0.9868558625840202
2013-05-31,1.0997389836717606,1.0045556385362233
2013-06-03,1.1043443845509733,0.9872292755787925
2013-06-04,1.097753558718861,0.9784167289021681
2013-06-05,1.078128270881306,0.9893950709484713
2013-06-06,1.0470548984718437,0.9943241224794643
2013-06-07,1.0627126072849065,1.0618371919342815
2013-06-10,1.0490664904751932,1.0932038834951476
2013-06-11,1.0430382562277576,1.0462285287528024
2013-06-12,1.0177576146116805,1.0230022404779708
2013-06-13,1.0353974774963364,1.0537714712472013
2013-06-14,1.0077585304584467,1.0403286034354013
2013-06-17,1.0168712057776848,1.0707244212098601
2013-06-18,1.0157950858279252,1.0983569828230042
2013-06-19,0.9748174848231108,1.0714712471994048
2013-06-20,0.9460239166841113,1.0362210604929072
2013-06-21,0.9304250837345615,1.0356235997012717
2013-06-24,0.8792128951224618,1.0150858849887996
2013-06-25,0.8796315679296631,1.0261239731142666
2013-06-26,0.8583250471006909,1.0670649738610922
2013-06-27,0.8382778155746285,1.0669156086631832
2013-06-28,0.8511291082269208,1.0679611650485452
2013-07-01,0.9104269154280928,1.1008961911874549
2013-07-02,0.9537431965668828,1.1130694548170292
2013-07-03,0.9645338339962313,1.1153099327856622
2013-07-05,0.9487420190496123,1.1291262135922344
2013-07-08,0.9376668149466186,1.1643017176997772
2013-07-09,0.9717788360895956,1.1713218820014946
2013-07-10,0.9642100167469119,1.17729648991785
2013-07-11,0.9948516328239475,1.2320388349514577
2013-07-12,0.9912176836926938,1.2909634055265138
2013-07-15,0.9955614140674063,1.2836445108289778
2013-07-16,1.0084356028888422,1.2858849887976112
2013-07-17,1.0089720274230685,1.2994772218073196
2013-07-18,1.0157394808457185,1.2652725914861847
2013-07-19,0.9839268892610421,1.2736370425690828
2013-07-22,0.9902822116391036,1.260567587752055
2013-07-23,0.9560786058195515,1.2424943988050796
2013-07-24,1.0566353098178767,1.2266616878267373
2013-07-25,1.0472413387063007,1.259970126960419
2013-07-26,1.0588791343939707,1.324271844660195
2013-07-29,1.0906524754029718,1.280134428678119
2013-07-30,1.1164924377224195,1.2525765496639294
2013-07-31,1.1127996127276525,1.2436893203883506
2013-08-01,1.132173042704626,1.2761762509335335
2013-08-02,1.1595732154071587,1.2660194174757289
2013-08-05,1.1918633556625493,1.2419716206123985
2013-08-06,1.1722380678249942,1.2401792382374917
2013-08-07,1.1709755076407786,1.2115011202389854
2013-08-08,1.1524230688716766,1.202763256161315
2013-08-09,1.121771640150722,1.2141150112023906
2013-08-12,1.1820965040820592,1.2098581030619875
2013-08-13,1.2858750261670497,1.189544436146379
2013-08-14,1.3276049298723034,1.1699029126213598
2013-08-15,1.324847576931127,1.1335324869305463
2013-08-16,1.3454999214988475,1.121209858103063
2013-08-19,1.3707805631149246,1.126811053024646
2013-08-20,1.339612335147581,1.1381628080657213
2013-08-21,1.3456405693950166,1.1193427931292017
2013-08-22,1.3484437146744808,1.1578790141896949
2013-08-23,1.3393768316935306,1.1599701269604188
2013-08-26,1.3484895070127683,1.1315907393577302
2013-08-27,1.2812957923382862,1.0921583271097843
2013-08-28,1.29207334624241,1.097012696041823
2013-08-29,1.2958283179819958,1.1149365197908898
2013-08-30,1.2748750523340993,1.0925317401045567
2013-09-03,1.2812499999999984,1.1509335324869314
2013-09-04,1.3284946095876058,1.187079910380882
2013-09-05,1.312509812643917,1.1905153099327868
2013-09-06,1.3262965773498,1.2036594473487685
2013-09-09,1.363443976344985,1.232412247946229
2013-09-10,1.3095660194682843,1.2372666168782682
2013-09-11,1.1837319447351884,1.2318894697535483
2013-09-12,1.207000994347916,1.2260642270351019
2013-09-13,1.170602627171864,1.2190440627333838
2013-09-16,1.101537968390202,1.2051530993278574
2013-09-17,1.1258373456144013,1.2657206870799114
2013-09-18,1.1695722995603928,1.3244510828976856
2013-09-19,1.2051791134603296,1.3246452576549677
2013-09-20,1.1823287366548034,1.3566094100074693
2013-09-23,1.2908762036843195,1.3203883495145645
2013-09-24,1.2836802648105494,1.3401045556385374
2013-09-25,1.2483089543646633,1.3290515309932796
2013-09-26,1.270223859116599,1.3699029126213604
2013-09-27,1.2540101004814725,1.3541448842419728
2013-09-30,1.2259721059242195,1.3289768483943252
2013-10-01,1.2783552700439595,1.3910380881254683
2013-10-02,1.2858292338287618,1.387752053771473
2013-10-03,1.2570912706719686,1.3448095593726679
2013-10-04,1.2553151821226698,1.3767737117251697
2013-10-07,1.277374005652082,1.3094846900672157
2013-10-08,1.2455516014234864,1.2587005227781944
2013-10-09,1.2719410718023858,1.2213592233009727
2013-10-10,1.2861955725350631,1.2732188200149377
2013-10-11,1.3010257483776426,1.3158999253174024
2013-10-14,1.3161077820808034,1.3144884241971635
2013-10-15,1.328445546368013,1.2823749066467527
2013-10-16,1.3398184006698757,1.3129200896191204
2013-10-17,1.3556396535482516,1.3150112023898446
2013-10-18,1.3761513502198026,1.45064227035101
2013-10-21,1.4344319133347283,1.4320388349514583
2013-10-22,1.427448581745865,1.477595220313669
2013-10-23,1.4512442432489003,1.4343988050784184
2013-10-24,1.4837175528574413,1.4751306945481721
2013-10-25,1.4559052491103195,1.7079910380881278
2013-10-28,1.4742156426627586,1.668932038834954
2013-10-29,1.4125431756332418,1.7028379387602712
2013-10-30,1.4509433221687247,1.6907393577296512
2013-10-31,1.4406923801549083,1.7127707244212123
2013-11-01,1.428207426208917,1.6752203136669184
2013-11-04,1.459607886749005,1.673263629574312
2013-11-05,1.4535273184006692,1.6743988050784195
2013-11-06,1.432364716349173,1.6541448842419746
2013-11-07,1.3929833054218124,1.5598954443614665
2013-11-08,1.4306834833577555,1.610306198655716
2013-11-11,1.4236183797362354,1.6406870799103834
2013-11-12,1.4281125706510354,1.604480955937269
2013-11-13,1.4310301967762187,1.6544436146377925
2013-11-14,1.4661954416998113,1.7379088872292787
2013-11-15,1.4513881620263756,1.7511575802837969
2013-11-18,1.4216591218337857,1.728827483196418
2013-11-19,1.4259636016328234,1.719566840926067
2013-11-20,1.404702873142139,1.7018670649738639
2013-11-21,1.4333754186728067,1.7492905153099358
2013-11-22,1.4271313062591577,1.7746079163554922
2013-11-25,1.4455430971320906,1.8069454817027661
2013-11-26,1.4906812591584675,1.8422703510082181
2013-11-27,1.5493706824366755,1.8821508588498908
2013-11-29,1.5966087502616708,1.9337565347274115
2013-12-02,1.5739938769101949,1.9238984316654253
2013-12-03,1.6445140778731422,1.8668409260642305
2013-12-04,1.6383353830856189,1.8765496639283081
2013-12-05,1.6518931861000627,1.8655713218820054
2013-12-06,1.6150663334728907,1.8839432412247987
2013-12-09,1.645017793594306,1.8685586258401834
2013-12-10,1.6409062957923384,1.8901418969380173
2013-12-11,1.621326800293071,1.8483943241224832
2013-12-12,1.6174965982834415,1.8413741598207658
2013-12-13,1.5889450753611052,1.8637042569081443
2013-12-16,1.6032911607703575,1.8990291262135963
2013-12-17,1.5915617804061124,1.8891710231516097
2013-12-18,1.571844907891982,1.9512322628827525
2013-12-19,1.5423611837973623,1.94548170276326
2013-12-20,1.5636677046263343,1.997834204630325
2013-12-23,1.6621212319447354,2.003211351755045
2013-12-24,1.6508137952689972,1.9754294249439917
2013-12-26,1.6331968285534857,2.014189693801348
2013-12-27,1.6153934216035166,1.967064973861094
2013-12-30,1.5893670190496128,1.9318894697535511
2013-12-31,1.6197371519782289,1.97236743838686
2014-01-02,1.582871048775382,1.9662434652725955
2014-01-03,1.5260983619426418,1.9548170276325656
2014-01-06,1.5398818557672178,1.933831217326367
2014-01-07,1.5216924848231104,1.966691560866322
2014-01-08,1.537687094410718,1.9957430918596006
2014-01-09,1.5052530353778522,1.9889469753547464
2014-01-10,1.4885322901402553,1.963928304705008
2014-01-13,1.5015667521456981,1.9140403286034398
2014-01-14,1.5513757326774125,1.9630321135175546
2014-01-15,1.6026369845091057,1.9505601194921622
2014-01-16,1.5881044588653963,1.9500373412994816
2014-01-17,1.524649361523969,1.9784914115011247
2014-01-21,1.563899937199079,2.0340552651232313
2014-01-22,1.575302229432698,2.015309932785666
2014-01-23,1.597122278626753,1.9804331590739404
2014-01-24,1.549880939920452,1.8887976101568382
2014-01-27,1.570582347707766,1.878939507094851
2014-01-28,1.3649845614402345,1.939805825242723
2014-01-29,1.3381175423906218,1.8634055265123268
2014-01-30,1.3335939135440653,2.0038834951456357
2014-01-31,1.337417573791082,1.6728902165795407
2014-02-03,1.3417613041657939,1.579238237490668
2014-02-04,1.3756836141930078,1.5926811053024676
2014-02-05,1.3934412288046887,1.581478715459301
2014-02-06,1.3930683483357753,1.6422703510082182
2014-02-07,1.426571985555788,1.6907393577296521
2014-02-10,1.4700747069290347,1.6891710231516093
2014-02-11,1.5026428720954574,1.6960418222554179
2014-02-12,1.5024564318610008,1.6023898431665453
2014-02-13,1.5422205359011931,1.6617625093353283
2014-02-14,1.5401631515595562,1.6628827483196453
2014-02-18,1.5495080594515391,1.6352501867065006
2014-02-19,1.5092304270462633,1.5884241971620645
2014-02-20,1.480168646640151,1.6064973861090397
2014-02-21,1.4525983881096924,1.583793876026889
2014-02-24,1.4633432332007534,1.6212845407020195
2014-02-25,1.4376929819970692,1.6701269604182258
2014-02-26,1.4156832216872512,1.6811799850634837
2014-02-27,1.4639058247854302,1.6836445108289806
2014-02-28,1.4572234142767424,1.6983569828230063
2014-03-03,1.464324497592631,1.681030619865575
2014-03-04,1.4805873194473516,1.7117998506348058
2014-03-05,1.4858207295373662,1.77505601194922
2014-03-06,1.47829770253297,1.7734876773711767
2014-03-07,1.4768487021142975,1.7727408513816323
2014-03-10,1.4790925266903912,1.7613144137416026
2014-03-11,1.5032512560184215,1.748543689320393
2014-03-12,1.5056782499476662,1.7621359223301012
2014-03-13,1.4778299665061756,1.7686333084391381
2014-03-14,1.4499816830646848,1.7852875280059795
2014-03-17,1.459562094410718,1.7949962658700571
2014-03-18,1.481336351266485,1.8228528752800646
2014-03-19,1.4806789041239268,1.7814787154593033
2014-03-20,1.468717291186937,1.7496639283047102
2014-03-21,1.4882052020096295,1.6873039581777496
2014-03-24,1.5177347184425374,1.6218073188947024
2014-03-25,1.5448372409462008,1.643166542195673
2014-03-26,1.520492071383714,1.5587752053771518
2014-03-27,1.5096523707347713,1.5218820014936565
2014-03-28,1.5068492254553072,1.5205377147124766
2014-03-31,1.5062866338706304,1.506161314413746
2014-04-01,1.5292285953527323,1.555638536221065
2014-04-02,1.5334349487125811,1.5479462285287573
2014-04-03,1.515863774335357,1.4856609410007513
2014-04-04,1.4832956091689347,1.406348020911132
2014-04-07,1.4442805369478757,1.3672143390590035
2014-04-08,1.4441398890517068,1.4367438386855904
2014-04-09,1.4762893814109277,1.4721060492905194
2014-04-10,1.4443296001674693,1.3623599701269644
2014-04-11,1.4262448974251627,1.3221807318894736
2014-04-14,1.4359168934477706,1.353398058252431
2014-04-15,1.4185321593050033,1.3546676624346563
2014-04-16,1.4234384812643917,1.4114264376400334
2014-04-17,1.4511493876910195,1.42061239731143
2014-04-21,1.4802602313167261,1.4651232262882787
2014-04-22,1.4827330175842575,1.45354742345034
2014-04-23,1.450262978857023,1.4181478715459337
2014-04-24,1.6512782604144856,1.5120238984316694
2014-04-25,1.6707661712371777,1.263181478715463
2014-04-28,1.7742633975298299,1.209036594473491
2014-04-29,1.7660404019258942,1.2374159820761796
2014-04-30,1.7555735817458653,1.2654219566840958
2014-05-01,1.7620695520200957,1.2935026138909664
2014-05-02,1.7672081065522287,1.2943988050784199
2014-05-05,1.8063638266694566,1.3096340552651267
2014-05-06,1.77575819028679,1.2150112023898465
2014-05-07,1.7660404019258942,1.180134428678121
2014-05-08,1.7457609378270882,1.1473487677371204
2014-05-09,1.7343259367804056,1.1766243465272626
2014-05-12,1.7683758111785635,1.255937266616882
2014-05-13,1.7727228124345822,1.269230769230773
2014-05-14,1.7732363407996647,1.2168035847647536
2014-05-15,1.749640203056311,1.1986557132188238
2014-05-16,1.7902449235922124,1.217401045556389
2014-05-19,1.8233266171237172,1.2103435399551943
2014-05-20,1.823889208708394,1.2434652725914899
2014-05-21,1.831363172493196,1.2719940253920876
2014-05-22,1.835850821645383,1.2712471994025432
2014-05-23,1.8679054584467232,1.3259895444361502
2014-05-27,1.9216427674272545,1.3153846153846194
2014-05-28,1.9140706772032645,1.3104555638536264
2014-05-29,1.9671996022608327,1.3374906646751341
2014-05-30,1.9560818767008576,1.328304705003738
2014-06-02,1.935753349382457,1.300597460791639
2014-06-03,1.9772902710906415,1.288274831964156
2014-06-04,2.0113107075570427,1.2852128454070233
2014-06-05,2.0231316725978634,1.4106049290515346
2014-06-06,2.014813821436046,1.456161314413745
2014-06-09,2.063085487753819,1.439955190440631
2014-06-10,2.081075334938244,1.4766243465272628
2014-06-11,2.068318897843833,1.4974607916355525
2014-06-12,2.016966061335565,1.4280806572068745
2014-06-13,1.9839301601423474,1.4307692307692343
2014-06-16,2.014022268159932,1.4408513816280843
2014-06-17,2.0100972105924204,1.4259148618371955
2014-06-18,2.01336809189868,1.4913368185212879
2014-06-19,2.0029012717186503,1.4362210604929084
2014-06-20,1.9718278993091884,1.4153099327856637
2014-06-23,1.969211194264181,1.4380134428678149
2014-06-24,1.9512213470797557,1.4150112023898465
2014-06-25,1.953838052124763,1.4395070948469038
2014-06-26,1.9715008111785624,1.4264376400298762
2014-06-27,2.0068263292861617,1.4180731889469784
2014-06-30,2.0378997016956237,1.4196415235250213
2014-07-01,2.057197901402552,1.4764749813293532
2014-07-02,2.055889548880049,1.479910380881258
2014-07-03,2.0738793960644744,1.5145780433159106
2014-07-07,2.137269075779777,1.4851381628080687
2014-07-08,2.1170550293070947,1.4123973114264405
2014-07-09,2.118363381829598,1.458401792382378
2014-07-10,2.1067517531923783,1.443091859596717
2014-07-11,2.1128028836089583,1.5796116504854398
2014-07-14,2.153034723675946,1.6477221807318925
2014-07-15,2.116073764915217,1.6411501120239016
2014-07-16,2.098411005861418,1.6520537714712502
2014-07-17,2.043129840904332,1.6263181478715492
2014-07-18,2.0869629212895107,1.672666168782677
2014-07-21,2.0709028940757777,1.6808812546676657
2014-07-22,2.096448477077662,1.688946975354745
2014-07-23,2.1772392453422635,1.6687826736370452
2014-07-24,2.1720058352522487,1.6722927557879044
2014-07-25,2.19297218442537,1.4138909634055288
2014-07-28,2.2370963732468057,1.3870052277819294
2014-07-29,2.216162732886747,1.3839432412247972
2014-07-30,2.208639705882351,1.4026885735623627
2014-07-31,2.1252322325727415,1.3315907393577324
2014-08-01,2.1425679034959155,1.2873039581777472
2014-08-04,2.1249051444421165,1.3365197908887256
2014-08-05,2.1095320023026987,1.3265870052277846
2014-08-06,2.104298592212684,1.3383121732636325
2014-08-07,2.08859836194264,1.3200896191187481
2014-08-08,2.0971026533389137,1.3600448095593756
2014-08-11,2.1379886696671524,1.3714712471994048
2014-08-12,2.1373344934059,1.3788648244958952
2014-08-13,2.1788746859953916,1.4308439133681878
2014-08-14,2.187378977391665,1.4825989544436176
2014-08-15,2.2030792076617094,1.4857356235997041
2014-08-18,2.2416756070755675,1.4924570575056038
2014-08-19,2.2864866809713176,1.4969380134428703
2014-08-20,2.287795033493821,1.501792382374909
2014-08-21,2.2881221216244465,1.480358476474984
2014-08-22,2.312326643290764,1.470500373412997
2014-08-25,2.319522582164535,1.4886482449589271
2014-08-26,2.298229144860787,1.546975354742348
2014-08-27,2.3388207818714633,1.557057505601198
2014-08-28,2.3427458394389746,1.5334578043315938
2014-08-29,2.3509230427046233,1.5261389096340585
2014-09-02,2.3770900931546968,1.5510828976848423
2014-09-03,2.2344796682017973,1.5258401792382403
2014-09-04,2.2076584414904725,1.5777445855115788
2014-09-05,2.2354609325936754,1.5809559372666204
2014-09-08,2.2155085566254944,1.5507841672890248
2014-09-09,2.2034062957923353,1.4567587752053808
2014-09-10,2.301859823110736,1.4685586258401828
2014-09-11,2.3159246127276503,1.4625093353248728
2014-09-12,2.3234476397320463,1.4675130694548204
2014-09-15,2.3224663753401686,1.4129947722180765
2014-09-16,2.297280589281973,1.441896938013446
2014-09-17,2.3208309346870384,1.4138162808065753
2014-09-18,2.327699785430183,1.4212845407020198
2014-09-19,2.3005514705882315,1.4684839432412284
2014-09-22,2.303822351894491,1.417550410754298
2014-09-23,2.3555022765333855,1.411053024645261
2014-09-24,2.326391432907679,1.445257654966396
2014-09-25,2.199481238224824,1.3983569828230056
2014-09-26,2.2936826198450873,1.407916355489174
2014-09-29,2.2727489794850286,1.3975354742345065
2014-09-30,2.2936826198450873,1.402165795369682
2014-10-01,2.242329783336819,1.364973861090369
2014-10-02,2.2658801287418853,1.3720687079910414
2014-10-03,2.25672166108436,1.4044062733383154
2014-10-06,2.25672166108436,1.4003734129947751
2014-10-07,2.2282649937199053,1.361389096340556
2014-10-08,2.2953180604982184,1.4041075429424976
2014-10-09,2.3025139993719885,1.3493651979088905
2014-10-10,2.2930284435838364,1.3196415235250218
2014-10-13,2.2629363355662524,1.2827483196415266
2014-10-14,2.228264993719905,1.296639283047053
2014-10-15,2.188687329914169,1.2791635548917133
2014-10-16,2.146820049194052,1.2559372666168813
2014-10-17,2.1929394756123055,1.2617625093353275
2014-10-20,2.2613008949131213,1.2809559372666195
2014-10-21,2.3499417783127448,1.3490664675130726
2014-10-22,2.366950361105292,1.3314413741598239
2014-10-23,2.42713457714046,1.3330097087378672
2014-10-24,2.4398910142348704,1.1379387602688602
2014-10-27,2.4362930447979854,1.159671396564603
2014-10-28,2.4896084100900095,1.2016430171770003
2014-10-29,2.509233697927565,1.1906646751306973
2014-10-30,2.4974585252250314,1.2276325616131467
2014-10-31,2.5308215145488746,1.275354742345036
2014-11-03,2.576613852836503,1.2772964899178516
2014-11-04,2.550446802386429,1.2555638536221083
2014-11-05,2.5589510937827025,1.208588498879763
2014-11-06,2.5537176836926885,1.2094846900672163
2014-11-07,2.563857415742092,1.2335324869305475
2014-11-10,2.557969829390825,1.2727408513816305
2014-11-11,2.58642649675528,1.3242718446601967
2014-11-12,2.637125157002296,1.3205377147124746
2014-11-13,2.688477993510564,1.3576549663928332
2014-11-14,2.7329619792756894,1.4423450336071724
2014-11-17,2.7267473047937965,1.4067214339059029
2014-11-18,2.775156348126432,1.4207617625093385
2014-11-19,2.7489892976763595,1.4327856609410043
2014-11-20,2.8026317510990095,1.4626587005227816
2014-11-21,2.807865161189023,1.4782673637042605
2014-11-24,2.878352653338908,1.500746825989548
2014-11-25,2.8448261199497513,1.4962658700522817
2014-11-26,2.8906184582373795,1.4852875280059783
2014-11-28,2.888328841322999,1.5231516056758811
2014-12-01,2.7620728229013953,1.4287528005974646
2014-12-02,2.747680945153855,1.4310679611650523
2014-12-03,2.7902024021352245,1.3578043315907433
2014-12-04,2.775810524387684,1.3610156833457845
2014-12-05,2.7597832059870138,1.3289021657953735
2014-12-08,2.6747402920242767,1.2841672890216618
2014-12-09,2.730999450491934,1.3279312920089659
2014-12-10,2.66002132614611,1.278192681105306
2014-12-11,2.649227417835455,1.2895444361463817
2014-12-12,2.587407761147157,1.2892457057505637
2014-12-15,2.5381809974879563,1.2799103808812584
2014-12-16,2.4897719541553216,1.197684839432416
2014-12-17,2.576940940967128,1.2262135922330133
2014-12-18,2.682917495289925,1.2176250933532524
2014-12-19,2.65446082792547,1.2338312173263661
2014-12-22,2.692403051078076,1.2834204630321173
2014-12-23,2.67931952585304,1.2815160567587789
2014-12-24,2.661983854929866,1.2572068707991069
2014-12-26,2.7267473047937973,1.3024645257654999
2014-12-29,2.7241305997487903,1.3244958924570613
2014-12-30,2.6786653495917876,1.311501120238988
2014-12-31,2.6086684896378416,1.3118745332337602
2015-01-02,2.5743242359221203,1.2982076176250967
2015-01-05,2.473581091689339,1.2509335324869342
2015-01-06,2.4739081798199654,1.1994025392083683
2015-01-07,2.522644311283227,1.2227781926811092
2015-01-08,2.658058797362356,1.2380134428678153
2015-01-09,2.6619838549298676,1.2116504854368968
2015-01-12,2.5717075308771147,1.170425690814044
2015-01-13,2.6034350795478285,1.1952949962658734
2015-01-14,2.5896973780615395,1.1843166542195702
2015-01-15,2.492225115135017,1.1371172516803618
2015-01-16,2.4650768002930663,1.165421956684096
2015-01-20,2.554371859953941,1.1557132188200183
2015-01-21,2.5815201747958914,1.2140403286034387
2015-01-22,2.674740292024277,1.3116504854368969
2015-01-23,2.6937114036005805,1.3271097834204664
2015-01-26,2.697636461168091,1.3067214339059035
2015-01-27,2.568109561440229,1.2849887976101602
2015-01-28,2.7699229380364194,1.2637789395070984
2015-01-29,2.887347576931122,1.322554144884245
2015-01-30,2.8304342422022124,1.6418222554144923
2015-02-02,2.8785161974042217,1.7160567587752098
2015-02-03,2.879170373665474,1.7091859596714007
2015-02-04,2.908935393552432,1.7181478715459335
2015-02-05,2.9213647425162166,1.7864077669902947
2015-02-06,2.8883288413229997,1.7893203883495177
2015-02-09,2.914168803642447,1.7615384615384644
2015-02-10,2.9893990736864073,1.7797236743838714
2015-02-11,3.082946279045419,1.7957430918595996
2015-02-12,3.1346262036843138,1.810903659447352
2015-02-13,3.1549056677831206,1.8457057505601229
2015-02-17,3.1794372775800643,1.7979088872292786
2015-02-18,3.208384577140458,1.782524271844663
2015-02-19,3.1997167416788703,1.8245332337565376
2015-02-20,3.2338974513292786,1.8593726661687855
2015-02-23,3.3485418411136614,1.833084391336821
2015-02-24,3.3213935262717103,1.821508588498882
2015-02-25,3.210837738120151,1.8721433905899951
2015-02-26,3.263989559346862,1.867886482449592
2015-02-27,3.200043829809496,1.83323375653473
2015-03-02,3.220650382038928,1.8742718446601967
2015-03-03,3.229481761565828,1.8664675130694575
2015-03-04,3.2026605348545023,1.8523525018670677
2015-03-05,3.132990763031183,1.8905153099327885
2015-03-06,3.1392054375130756,1.832710978342049
2015-03-09,3.1568681965668755,1.8212845407020193
2015-03-10,3.07084401821226,1.7536967886482475
2015-03-11,2.9965950125601766,1.7302464525765522
2015-03-12,3.068881489428504,1.789021657953699
2015-03-13,3.0407519101946754,1.7616878267363725
2015-03-16,3.0852358959597996,1.7823749066467534
2015-03-17,3.1535973152606167,1.7716952949962674
2015-03-18,3.200370917940123,1.7957057505601208
2015-03-19,3.168479825204096,1.7815533980582539
2015-03-20,3.116309268369263,1.8207617625093364
2015-03-23,3.159157813481257,1.7955190440627347
2015-03-24,3.1421492306887098,1.787901418969381
2015-03-25,3.033883059451532,1.76452576549664
2015-03-26,3.062012638685361,1.7375653472740862
2015-03-27,3.029630913753395,1.7615384615384626
2015-03-30,3.131682410508681,1.7916355489171027
2015-03-31,3.0682273131672533,1.7730395817774467
2015-04-01,3.0623397268159867,1.7592606422703516
2015-04-02,3.0973381567929597,1.7741598207617633
2015-04-06,3.1637370473100206,1.809932785660942
2015-04-07,3.119907237806148,1.7902912621359233
2015-04-08,3.106496624450485,1.8410007468259901
2015-04-09,3.1378970849905725,1.8584764749813303
2015-04-10,3.1555598440443724,1.8518297236743844
2015-04-13,3.147382640778724,1.849663928304706
2015-04-14,3.1293927935942984,1.8702016430171777
2015-04-15,3.145093023864343,1.8578043315907398
2015-04-16,3.125140647896162,1.877147124719941
2015-04-17,3.0786941333472813,1.7988797610156837
2015-04-20,3.1719142505756674,1.9030619865571328
2015-04-21,3.14934516956248,1.915533980582525
2015-04-22,3.205277239899511,1.905227781926812
2015-04-23,3.239621493615232,1.906646751306946
2015-04-24,3.259573869583413,2.318222554144885
2015-04-27,3.337093756541755,2.269380134428679
2015-04-28,3.2687323372409383,2.2002987303958186
2015-04-29,3.205931416160762,2.200746825989545
2015-04-30,3.091777658572318,2.144062733383122
2015-05-01,3.2160711482101654,2.152203136669157
2015-05-04,3.2078939449445176,2.1534727408513827
2015-05-05,3.113038387063002,2.13965646004481
2015-05-06,3.087198424743555,2.124047796863332
2015-05-07,3.095375628009203,2.182150858849889
2015-05-08,3.172568426836919,2.233009708737865
2015-05-11,3.13004696985555,2.2267363704256917
2015-05-12,3.115164459912071,2.2130694548170275
2015-05-13,3.1199072378061468,2.182076176250934
2015-05-14,3.2160711482101654,2.222479462285288
2015-05-15,3.2101835618588996,2.1755787901418984
2015-05-18,3.256630076407779,2.1699029126213603
2015-05-19,3.2527050188402686,2.143539955190442
2015-05-20,3.252377930709643,2.159596713965648
2015-05-21,3.29588065208289,2.2176250933532504
2015-05-22,3.3334957871048703,2.187752053771473
2015-05-26,3.2379860529621034,2.171620612397313
2015-05-27,3.3173049246388877,2.2160567587752062
2015-05-28,3.3086370891773016,2.179835698282301
2015-05-29,3.259573869583414,2.1997012696041827
2015-06-01,3.2679146169143753,2.2123226288274838
2015-06-02,3.2491070494033853,2.212845407020165
2015-06-03,3.2543404594934002,2.2546676624346533
2015-06-04,3.229481761565831,2.2112770724421207
2015-06-05,3.206258504291391,2.1826736370425683
2015-06-08,3.178456013188188,2.156908140403285
2015-06-09,3.1660266642244035,2.1716952949962645
2015-06-10,3.2137815312957874,2.211202389843165
2015-06-11,3.2042959755076357,2.2276325616131425
2015-06-12,3.157849460958756,2.204854368932037
2015-06-15,3.1496722576931075,2.15817774458551
2015-06-16,3.1719142505756692,2.1849887976101545
2015-06-17,3.1621016066568925,2.1890963405526493
2015-06-18,3.1810727182331955,2.2755787901418945
2015-06-19,3.1392054375130782,2.242195668409259
2015-06-22,3.1722413387062964,2.2524271844660175
2015-06-23,3.1532702271299935,2.324869305451828
2015-06-24,3.188595745237593,2.2864077669902896
2015-06-25,3.1686433692694123,2.280881254667661
2015-06-26,3.144111759472468,2.265944734876772
2015-06-29,3.0714981944735147,2.2044062733383107
2015-06-30,3.100772582164534,2.23599701269604
2015-07-01,3.139205437513079,2.260642270351007
2015-07-02,3.1339720274230642,2.263032113517549
2015-07-06,3.1195801496755236,2.2505601194921567
2015-07-07,3.10944041762612,2.255638536221059
2015-07-08,3.0073889208708344,2.20321135175504
2015-07-09,2.925616888214355,2.238237490664673
2015-07-10,3.0306121781452737,2.306348020911126
2015-07-13,3.108459153234241,2.396415235250185
2015-07-14,3.1068237125811113,2.4710978342046284
2015-07-15,3.1464013763868466,2.438386855862582
2015-07-16,3.2016792704626256,2.545108289768482
2015-07-17,3.2379860529621025,2.6013442867811785
2015-07-20,3.3181226449654515,2.6393577296489905
2015-07-21,3.2749470117228303,2.638610903659446
2015-07-22,3.0940672754866987,2.6406273338312154
2015-07-23,3.0921047467029434,2.59514563106796
2015-07-24,3.0705169300816335,2.9479462285287505
2015-07-27,3.0139306834833497,2.962808065720685
2015-07-28,3.0338830594515303,2.9226288274831953
2015-07-29,3.0211266223571194,2.944809559372665
2015-07-30,3.000847158258313,3.0027632561613125
2015-07-31,2.96584872828134,2.9982076176250905
2015-08-03,2.872301522922328,2.989843166542193
2015-08-04,2.7480080332844805,2.9664675130694516
2015-08-05,2.7728667312120505,3.0046303211351724
2015-08-06,2.7640353516851506,2.948244958924568
2015-08-07,2.7767917887795615,2.8971620612397286
2015-08-10,2.914168803642445,2.9074682598954418
2015-08-11,2.7103928982625,2.933308439133679
2015-08-12,2.7676333211220348,2.92173263629574
2015-08-13,2.7646895279464014,2.9497386109036556
2015-08-14,2.7911836665271,2.9636295743091825
2015-08-17,2.8304342422022097,2.9912621359223275
2015-08-18,2.8088464255809,2.989768483943238
2015-08-19,2.760110294117638,2.9740851381628044
2015-08-20,2.682917495289922,2.8460791635548883
2015-08-21,2.4575537732886668,2.6869305451829693
2015-08-24,2.3712025068034253,2.45466766243465
2015-08-25,2.3914819709022312,2.477072442120982
2015-08-26,2.586099408624651,2.733980582524268
2015-08-27,2.6917488748168217,2.865421956684089
2015-08-28,2.7038511356499813,2.8627333831217285
2015-08-31,2.6865154647268072,2.824495892457053
2015-09-01,2.5216630468913457,2.7023898431665376
2015-09-02,2.6727777632405183,2.807020164301713
2015-09-03,2.608341401507213,2.7634802091112727
2015-09-04,2.5723617071383624,2.7207617625093308
2015-09-08,2.671796498848641,2.859223300970868
2015-09-09,2.6011454626334434,2.8543689320388292
2015-09-10,2.6803007902449143,2.894324122479457
2015-09-11,2.733943243667565,2.9480955937266566
2015-09-14,2.769922938036415,2.887901418969375
2015-09-15,2.8016504867071292,2.895294996265865
2015-09-16,2.8059026324052656,2.9327856609409952
2015-09-17,2.7244576878794127,3.0185212845406975
2015-09-18,2.709084545739995,3.0289021657953645
2015-09-21,2.7666520567301554,3.0896191187453272
2015-09-22,2.707449105086865,3.0150112023898386
2015-09-23,2.737541213104449,2.9976101568334537
2015-09-24,2.7597832059870115,2.9802837938760227
2015-09-25,2.75029765019886,2.9093353248693017
2015-09-28,2.676048644546777,2.75855115758028
2015-09-29,2.565492856395218,2.6988797610156796
2015-09-30,2.6060517845928315,2.817027632561609
2015-10-01,2.5825014391877654,2.8829723674383825
2015-10-02,2.608668489637839,2.9712471994025345
2015-10-05,2.6217520148628757,3.054443614637785
2015-10-06,2.63908768578605,3.0081404032860304
2015-10-07,2.6217520148628766,3.0414488424197135
2015-10-08,2.5798847341427593,2.9758775205377113
2015-10-09,2.6655818243667495,3.0254667662434613
2015-10-12,2.6485732415742014,3.1030619865571287
2015-10-13,2.654787916056094,3.0934279312920054
2015-10-14,2.603107991417199,3.063032113517547
2015-10-15,2.657077532970475,3.194548170276321
2015-10-16,2.6302563062591497,3.2566840926064184
2015-10-19,2.652825387272338,3.2745332337565296
2015-10-20,2.719551365920025,3.1828976848394284
2015-10-21,2.7192242777893996,3.1447348767737076
2015-10-22,2.776137612518309,3.205526512322625
2015-10-23,2.893235163282386,3.4678117998506304
2015-10-26,2.7689416736445382,3.5393577296489873
2015-10-27,2.7450642401088468,3.5572815533980533
2015-10-28,2.899449837764279,3.6027632561613103
2015-10-29,2.940662942223145,3.673338312173258
2015-10-30,2.9069728647686754,3.6684839432412195
2015-11-02,2.961923670713829,3.6867811799850596
2015-11-03,3.007388920870831,3.664077669902908
2015-11-04,2.988744897425154,3.7808812546676593
2015-11-05,2.953419379317555,3.890664675130691
2015-11-06,2.9579986131463176,3.918446601941744
2015-11-09,2.941971294745647,3.889469753547421
2015-11-10,2.8176778051077993,3.920761762509332
2015-11-11,2.796089988486489,4.022106049290512
2015-11-12,2.783333551392078,3.964973861090363
2015-11-13,2.672777763240519,3.791336818521282
2015-11-16,2.732798435210374,3.8321135175504075
2015-11-17,2.7169346608750167,3.798431665421954
2015-11-18,2.8346863879003457,3.9495892457057487
2015-11-19,2.8834225193636067,3.932636295743089
2015-11-20,2.9004311021561544,3.986258401792381
2015-11-23,2.8497324419091377,4.064973861090365
2015-11-24,2.886693400669866,4.006422703510082
2015-11-25,2.858890909566663,4.037714712471994
2015-11-27,2.8516949706928925,4.0221807318894705
2015-11-30,2.8677222890935625,3.958999253174011
2015-12-01,2.836321828553475,4.065496639283047
2015-12-02,2.8016504867071284,4.042718446601943
2015-12-03,2.76632496859953,3.969828230022406
2015-12-04,2.891599722629256,4.017550410754296
2015-12-07,2.867068112832312,3.9965646004480977
2015-12-08,2.8654326721791823,4.0525765496639305
2015-12-09,2.7800626700858184,3.958924570575057
2015-12-10,2.7980525172702433,3.94047796863331
2015-12-11,2.7002531662130944,3.774906646751308
2015-12-14,2.6773569970692805,3.9075429424944
2015-12-15,2.612266459074723,3.9129947722180747
2015-12-16,2.6400689501779264,4.040926064227037
2015-12-17,2.56287615135021,4.002688573562362
2015-12-18,2.466385152815565,3.9540702016430194
2015-12-21,2.508906609796934,3.9568334578043327
2015-12-22,2.505635728490675,3.9466766243465283
2015-12-23,2.5507738905170503,3.9507841672890223
2015-12-24,2.531802778940747,3.943988050784167
2015-12-28,2.4922251151350117,4.036669156086632
2015-12-29,2.5550260362151866,4.176848394324123
2015-12-30,2.5085795216663067,4.140253920836447
2015-12-31,2.441199366757369,4.0418222554144885
2016-01-04,2.4441431599330015,3.751306945481703
2016-01-05,2.35779189344776,3.7274085138162807
2016-01-06,2.2920471791919517,3.7188946975354744
2016-01-07,2.1530347236759377,3.5343539955190453
2016-01-08,2.1697162183378595,3.527707244212099
2016-01-11,2.221069054846128,3.6075429424943994
2016-01-12,2.2678426575256343,3.6086631814787165
2016-01-13,2.1837810079547744,3.3392083644510837
2016-01-14,2.253450779778095,3.422778192681106
2016-01-15,2.175276716558501,3.2523525018670645
2016-01-19,2.1599035744190833,3.2844660194174757
2016-01-20,2.16415572011722,3.264227035100821
2016-01-21,2.14812840171655,3.2884988797610157
2016-01-22,2.3155975245970186,3.448020911127707
2016-01-25,2.250834074733087,3.4491411501120233
2016-01-26,2.2688239219175124,3.48439133681852
2016-01-27,2.053927020096286,3.350709484690066
2016-01-28,2.075841924848222,3.7390589992531735
2016-01-29,2.1821455673016446,3.3779686333084378
2016-02-01,2.1523805474146855,3.2869305451829716
2016-02-02,2.088598361942633,3.1173263629574306
2016-02-03,2.1497638423696777,2.960268857356236
2016-02-04,2.1579410456353254,2.9990291262135917
2016-02-05,2.073552307933839,2.7441374159820766
2016-02-08,2.105934032865805,2.6393577296489923
2016-02-09,2.105279856604553,2.5943241224794624
2016-02-10,2.081729511199487,2.6571321882001495
2016-02-11,2.0630854877538094,2.756758775205377
2016-02-12,2.0725710435419606,2.7811053024645256
2016-02-16,2.1592493981578285,2.885810306198656
2016-02-17,2.2076584414904636,2.9828976848394326
2016-02-18,2.146820049194043,2.9149365197908885
2016-02-19,2.139624110320273,2.9888722927557874
2016-02-22,2.167099513292849,3.1725914861837197
2016-02-23,2.0954672126857736,3.1235997012696046
2016-02-24,2.1415866391040277,3.1318147871545925
2016-02-25,2.1631744557253385,3.140104555638536
2016-02-26,2.1680807776847266,3.140702016430171
2016-02-29,2.160884838810957,3.1204630321135163
2016-03-01,2.2864866809713082,3.318521284540701
2016-03-02,2.293682619845078,3.3272591486183707
2016-03-03,2.318214229642021,3.306945481702762
2016-03-04,2.367604537366534,3.2893950709484674
2016-03-07,2.3303164904751794,3.1972367438386833
2016-03-08,2.302841087502603,3.178267363704255
2016-03-09,2.3057848806782357,3.1723674383868543
2016-03-10,2.307420321331365,3.1683345780433134
2016-03-11,2.34307292756959,3.248095593726659
2016-03-14,2.3515772189658635,3.2761762509335304
2016-03-15,2.4189573738748016,3.303435399551902
2016-03-16,2.464422624031804,3.2828976848394307
2016-03-17,2.458862125811163,3.1721433905899907
2016-03-18,2.462787183378675,3.11717699775952
2016-03-21,2.462460095248049,3.1313666915608644
2016-03-22,2.488954233828749,3.1799103808812523
2016-03-23,2.469656034121819,3.248244958924568
2016-03-24,2.4546099801130277,3.3477221807318873
2016-03-28,2.4389097498429835,3.3247199402539183
2016-03-29,2.5203546943688364,3.429200896191185
2016-03-30,2.581847262926508,3.4652725914861824
2016-03-31,2.563203239480831,3.427557879014187
2016-04-01,2.595912052543422,3.463853622106047
2016-04-04,2.632873011304151,3.4241971620612377
2016-04-05,2.590024466192156,3.371545929798354
2016-04-06,2.627639601214136,3.4905899925317367
2016-04-07,2.5484842736026647,3.4110530246452546
2016-04-08,2.5524093311701757,3.4347274085138126
2016-04-11,2.564184503872709,3.4446601941747534
2016-04-12,2.6106310184215893,3.4987303958177716
2016-04-13,2.6629651193217354,3.5857356235996996
2016-04-14,2.664927648105491,3.630022404779684
2016-04-15,2.5913328187146596,3.668409260642269
2016-04-18,2.5138129317563185,3.7390589992531726
2016-04-19,2.4951689083106414,3.683420463032112
2016-04-20,2.502364847184411,3.7214339058999233
2016-04-21,2.4644226240318052,3.706572068707989
2016-04-22,2.454937068243654,3.628155339805823
2016-04-25,2.4353117804060993,3.670724421209856
2016-04-26,2.4114343468704074,3.601120238984315
2016-04-27,2.1978457975716856,3.5241224794622843
2016-04-28,2.1000464465145376,3.4899925317401035
2016-04-29,2.064393840276313,3.9200896191187438
2016-05-02,2.0611229589700546,4.101269604182224
2016-05-03,2.111494531086446,4.007692307692306
2016-05-04,2.07911280615448,4.004555638536218
2016-05-05,2.0480394337450187,3.9163554891710204
2016-05-06,2.031030850952471,4.027333831217324
2016-05-09,2.0333204678668526,4.0706497386109
2016-05-10,2.0539270200962845,4.244809559372663
2016-05-11,2.024162000209327,4.3206870799103765
2016-05-12,1.9531838758635034,4.355787901418964
2016-05-13,1.9590714622147694,4.2959671396564545
2016-05-16,2.068973074105077,4.301493651979083
2016-05-17,2.056216637010666,4.186557132188196
2016-05-18,2.0912150669876395,4.202837938760265
2016-05-19,2.0794398942851067,4.21082897684839
2016-05-20,2.11280288360895,4.2427931292008925
2016-05-23,2.1523805474146855,4.197610156833454
2016-05-24,2.2004625026166953,4.253248693054514
2016-05-25,2.256721661084353,4.2842419716206095
2016-05-26,2.2825616234037995,4.333233756534723
2016-05-27,2.280599094620044,4.313293502613886
2016-05-31,2.264571776219374,4.392083644510824
2016-06-01,2.218779437931746,4.367064973861086
2016-06-02,2.194574916265428,4.432785660940995
2016-06-03,2.2011166788779466,4.412621359223295
2016-06-06,2.224339936152386,4.421508588498874
2016-06-07,2.2374234613774235,4.3991784914114955
2016-06-08,2.2344796682017902,4.420836445108285
2016-06-09,2.25770292547623,4.428379387602683
2016-06-10,2.2308816987649043,4.355638536221055
2016-06-13,2.1821455673016437,4.335698282300219
2016-06-14,2.186070624869155,4.366019417475721
2016-06-15,2.1756038046891253,4.328379387602682
2016-06-16,2.189014418044788,4.352651232262877
2016-06-17,2.116400853045835,4.269604182225535
2016-06-20,2.108877826041439,4.326512322628821
2016-06-21,2.1353719646221383,4.340029873039575
2016-06-22,2.123596791919605,4.301045556385356
2016-06-23,2.1415866391040304,4.386781179985056
2016-06-24,2.053272843835034,4.2141150112023835
2016-06-27,2.00878885806991,4.157356235997006
2016-06-28,2.0594875183169266,4.281254667662427
2016-06-29,2.085981656897626,4.338386855862577
2016-06-30,2.1252322325727353,4.338536221060486
2016-07-01,2.1347177883608874,4.413666915608656
2016-07-05,2.105279856604555,4.431740104555631
2016-07-06,2.122942615658355,4.502763256161307
2016-07-07,2.136353229014017,4.494996265870045
2016-07-08,2.160557750680335,4.56400298730395
2016-07-11,2.170370394599112,4.623525018670642
2016-07-12,2.184762272346652,4.581926811053017
2016-07-13,2.166772425162227,4.540253920836436
2016-07-14,2.229573346242402,4.529574309185952
2016-07-15,2.2292462581117762,4.486557132188193
2016-07-18,2.263590511827497,4.491262135922323
2016-07-19,2.2648988643500005,4.520238984316647
2016-07-20,2.2678426575256343,4.56333084391336
2016-07-21,2.250506986602461,4.553696788648236
2016-07-22,2.225321200544265,4.556908140403277
2016-07-25,2.1821455673016446,4.517699775952194
2016-07-26,2.1602306625497083,4.487677371172508
2016-07-27,2.365642008582783,4.495743091859588
2016-07-28,2.4111072587397855,4.614787154592973
2016-07-29,2.4068551130416482,4.661090365944727
2016-08-01,2.4670393290768167,4.727781926811046
2016-08-02,2.415686492568549,4.674309185959665
2016-08-03,2.4585350376805435,4.629947722180725
2016-08-04,2.4611517427255505,4.675728155339798
2016-08-05,2.5138129317563225,4.714637789395064
2016-08-08,2.542923775382029,4.718969380134421
2016-08-09,2.557315653129568,4.7320388349514495
2016-08-10,2.530821514548869,4.73390589992531
2016-08-11,2.5285318976344877,4.753920836445101
2016-08-12,2.5367091009001355,4.7637789395070875
2016-08-15,2.579230557881505,4.733383121732629
2016-08-16,2.5759596765752457,4.700149365197902
2016-08-17,2.5707262664852313,4.704555638536214
2016-08-18,2.5661470326564686,4.703286034353988
2016-08-19,2.5753055003139944,4.649887976101561
2016-08-22,2.547503009210792,4.666094100074677
2016-08-23,2.5586240056520726,4.688274831964146
2016-08-24,2.531802778940748,4.649439880507836
2016-08-25,2.516756724931956,4.664152352501861
2016-08-26,2.496150172702523,4.737191934279307
2016-08-29,2.4922251151350117,4.754294249439875
2016-08-30,2.465403888423687,4.726587005227776
2016-08-31,2.4686747697299456,4.738386855862578
2016-09-01,2.489281321959379,4.7492905153099265
2016-09-02,2.52199013502197,4.762882748319635
2016-09-06,2.5210088706300917,4.885586258401785
2016-09-07,2.542596687251402,4.852800597460785
2016-09-08,2.4497036581536418,4.8496639283046985
2016-09-09,2.371529594934048,4.67102315160567
2016-09-12,2.4470869531086343,4.755787901418962
2016-09-13,2.529186073895739,4.677520537714706
2016-09-14,2.654133739794838,4.678117998506341
2016-09-15,2.778427229432686,4.742345033607163
2016-09-16,2.7571665009420014,4.808289768483935
2016-09-19,2.713336691438129,4.782748319641516
2016-09-20,2.7130096033075026,4.8209858103061904
2016-09-21,2.7123554270462504,4.89208364451082
2016-09-22,2.747353857023224,5.0038088125466675
2016-09-23,2.6848800240736743,5.011650485436884
2016-09-26,2.6904405222943146,4.962434652725907
2016-09-27,2.6973093730374593,5.089021657953689
2016-09-28,2.7254389522712885,5.183196415235241
2016-09-29,2.6675443531505016,5.185660941000737
2016-09-30,2.6960010205149567,5.247348767737107
2016-10-03,2.6786653495917836,5.243091859596704
2016-10-04,2.6943655798618273,5.222852875280049
2016-10-05,2.6960010205149567,5.299999999999989
2016-10-06,2.7234764234875337,5.279835698282289
2016-10-07,2.729036921708174,5.263181478715449
2016-10-10,2.794127459702731,5.280209111277062
2016-10-11,2.802304662968379,5.200224047796854
2016-10-12,2.836321828553474,5.2233017176997665
2016-10-13,2.8245466558509413,5.18737864077669
2016-10-14,2.8458073843416254,5.140179238237483
2016-10-17,2.8431906792966184,5.0654219566840855
2016-10-18,2.840573974251611,5.100522031366685
2016-10-19,2.8291258896797045,5.1008207617625025
2016-10-20,2.827163360895949,5.045781179985056
2016-10-21,2.8121173068871568,5.110530246452569
2016-10-24,2.8464615606028785,5.2531747572815455
2016-10-25,2.866086848440434,5.231440627333823
2016-10-26,2.7790814056939404,5.137416728902158
2016-10-27,2.7427746231944643,5.105825989544429
2016-10-28,2.7179159252668943,4.791860343539948
2016-10-31,2.7120283389156286,4.8926818521284465
2016-11-01,2.644975272137315,4.859745332337558
2016-11-02,2.648246153443574,4.711501867064967
2016-11-03,2.590678642453413,4.722479462285278
2016-11-04,2.5582969175214485,4.6330097087378554
2016-11-07,2.6096497540297166,4.856160567587745
2016-11-08,2.6309104825204015,4.877221807318888
2016-11-09,2.6250228961691353,4.758699775952196
2016-11-10,2.5239526638057277,4.538386109036587
2016-11-11,2.544886304165786,4.513218820014929
2016-11-14,2.4559183326355365,4.364302464525759
2016-11-15,2.5017106709231642,4.544809559372658
2016-11-16,2.5959120525434276,4.569081404032853
2016-11-17,2.594603700020924,4.643091112770717
2016-11-18,2.598201669457809,4.671171769977587
2016-11-21,2.6528253872723373,4.819342793129192
2016-11-22,2.6551150041867184,4.859149365197901
2016-11-23,2.6364709807410414,4.820239731142636
2016-11-25,2.6547879160560925,4.822106796116498
2016-11-28,2.647591977182322,4.7205377147124645
2016-11-29,2.643994007745437,4.688797610156826
2016-11-30,2.613247723466601,4.599552651232257
2016-12-01,2.5795576460121317,4.547870799103802
2016-12-02,2.5929682593677943,4.52315235250186
2016-12-05,2.5671282970483467,4.665198655713212
2016-12-06,2.594603700020923,4.705227781926805
2016-12-07,2.6299292181285225,4.747796116504848
2016-12-08,2.6655818243667473,4.724720687079904
2016-12-09,2.725438952271289,4.734651979088866
2016-12-12,2.7041782237806045,4.67087453323375
2016-12-13,2.7659978804689027,4.777073188946969
2016-12-14,2.7659978804689027,4.735848394324116
2016-12-15,2.7866044326983355,4.677445855115751
2016-12-16,2.7915107546577245,4.653323375653467
2016-12-19,2.8134256594096603,4.714787154592974
2016-12-20,2.8235653914590637,4.753771471247195
2016-12-21,2.827163360895949,4.749141896938008
2016-12-22,2.8019775748377533,4.717327109783415
2016-12-23,2.809500601842149,4.67438461538461
2016-12-27,2.8337051235084667,4.755115011202383
2016-12-28,2.8173507169771708,4.7605668409260575
2016-12-29,2.8163694525852927,4.708438386855855
2016-12-30,2.7866044326983337,4.594324869305444
2017-01-03,2.7973983410089893,4.622702763256154
2017-01-04,2.793146195310852,4.648916355489163
2017-01-05,2.812444395017781,4.8227035100821425
2017-01-06,2.85496585199915,4.938760268857347
2017-01-09,2.8902913701067487,4.945705003734122
2017-01-10,2.8942164276742592,4.938087378640768
2017-01-11,2.9151500680343188,4.961389096340545
2017-01-12,2.898795661503023,5.070574309185952
2017-01-13,2.891926810759879,5.096713218820007
2017-01-17,2.923327271299967,5.0412994772218
2017-01-18,2.923000183169341,5.024570575056005
2017-01-19,2.916131332426197,5.036221060492899
2017-01-20,2.923327271299967,5.030919342793124
2017-01-23,2.9259439763449735,5.102239731142639
2017-01-24,2.922346006908089,5.136294996265866
2017-01-25,2.9848198398576384,5.241448842419711
2017-01-26,2.9867823686413937,5.261089619118741
2017-01-27,2.98710945677202,5.235847647498129
2017-01-30,2.976642636591991,5.195592979835695
2017-01-31,2.9674841689344653,5.144062733383118
2017-02-01,3.209529385597642,5.210306945481698
2017-02-02,3.202333446723873,5.267064973861086
2017-02-03,3.220323293908298,5.044884241971617
2017-02-06,3.2599009577140334,5.025764749813289
2017-02-07,3.300459885911647,5.062061239731139
2017-02-08,3.3171413805735686,5.115907393577293
2017-02-09,3.329570729537353,5.128230769230766
2017-02-10,3.319758085618576,5.173786407766986
2017-02-13,3.3580273969018077,5.241523525018666
2017-02-14,3.4146136435000916,5.240477221807314
2017-02-15,3.4306409619007607,5.287602688573559
2017-02-16,3.4252440077454334,5.298356235997009
2017-02-17,3.437509812643905,5.305303211351751
2017-02-21,3.469564449445244,5.390215832710975
2017-02-22,3.4829750628009073,5.384018670649736
2017-02-23,3.464003951224604,5.358475728155337
2017-02-24,3.4682560969227407,5.30657206870799
2017-02-27,3.477087476449641,5.33196340552651
2017-02-28,3.4790500052333972,5.3050784167289
2017-03-01,3.5706346818086527,5.365123973114262
2017-03-02,3.5434863669667025,5.333979835698279
2017-03-03,3.5703075936780273,5.34122404779686
2017-03-06,3.555915715930487,5.316804331590736
2017-03-07,3.561803302281754,5.312397311426434
2017-03-08,3.544794719489207,5.345855115758026
2017-03-09,3.534327899309178,5.364525765496635
2017-03-10,3.5493739533179696,5.360492905153096
2017-03-13,3.5513364821017257,5.37640104555638
2017-03-14,3.5444676313585823,5.361015683345775
2017-03-15,3.5925495865605916,5.36430171769977
2017-03-16,3.600072613564987,5.367661687826731
2017-03-17,3.5771764444211738,5.359373412994767
2017-03-20,3.6252583996231826,5.394174757281547
2017-03-21,3.572270122461784,5.291336818521279
2017-03-22,3.623950047100678,5.327633308439127
2017-03-23,3.607595640569382,5.322553398058247
2017-03-24,3.5984371729118565,5.309336071695289
2017-03-27,3.606287288046879,5.318372666168777
2017-03-28,3.701797022189647,5.386930545182967
2017-03-29,3.7122638423696768,5.523749813293497
2017-03-30,3.7060491678877847,5.538835698282295
2017-03-31,3.6972177883608843,5.615011202389838
2017-04-03,3.698526140883387,5.652128454070198
2017-04-04,3.7335245708603595,5.766542942494394
2017-04-05,3.7089929610634154,5.784839432412244
2017-04-06,3.697217788360882,5.702688573562356
2017-04-07,3.6867509681808524,5.677295743091856
2017-04-10,3.6811904699602116,5.7681105302464495
2017-04-11,3.630818897843821,5.733159820761759
2017-04-12,3.6363793960644624,5.6873786407766955
2017-04-13,3.611847786267519,5.601044809559369
2017-04-17,3.637360660456341,5.730395817774456
2017-04-18,3.616754108226907,5.7437640029873
2017-04-19,3.5997455254343604,5.709559372666164
2017-04-20,3.6573130364245205,5.7309193427931255
2017-04-21,3.6517525382038802,5.704555638536218
2017-04-24,3.696563612099629,5.770873039581774
2017-04-25,3.725674455725337,5.772442867811797
2017-04-26,3.6978719646221343,5.7849141150111985
2017-04-27,3.7014699340590185,5.852799850634799
2017-04-28,3.6968907002302562,5.902165795369677
2017-05-01,3.792727522503649,6.075728155339805
2017-05-02,3.823146718651859,6.06609335324869
2017-05-03,3.8084277527736936,6.021956684092604
2017-05-04,3.7910920818505196,5.9958177744585495
2017-05-05,3.8705744975926173,5.970574309185958
2017-05-08,4.0030451904961115,6.0817774458551135
2017-05-09,4.0350998272974525,6.110008215085883
2017-05-10,4.011222393761759,6.0811053024645245
2017-05-11,4.033791474774947,6.071173263629572
2017-05-12,4.10411542285952,6.173712471994024
2017-05-15,4.091031897634483,6.148469006721433
2017-05-16,4.083508870630089,6.208962658700521
2017-05-17,3.9127688664433613,6.049813293502613
2017-05-18,3.9876720483566968,6.152352501867063
2017-05-19,4.0046806311492436,6.162435399551904
2017-05-22,4.035099827297454,6.2433151605675885
2017-05-23,4.028885152815562,6.249813293502615
2017-05-24,4.013839098806768,6.315609410007469
2017-05-25,4.031174769729942,6.412919342793131
2017-05-26,4.022670478333669,6.430843913368186
2017-05-30,4.0246330071174246,6.437714712471993
2017-05-31,3.9948679872304655,6.422181478715459
2017-06-01,4.008605688716756,6.432113517550412
2017-06-02,4.082854694368837,6.512621359223301
2017-06-05,4.033137298513697,6.5470500373412985
2017-06-06,4.0501458813062445,6.484764749813294
2017-06-07,4.0802379893238285,6.537565347274087
2017-06-08,4.067808640360045,6.539058999253175
2017-06-09,3.8712286738538686,6.3003741598207625
2017-06-12,3.754785299351043,6.200297983569828
2017-06-13,3.7930546106342753,6.318894697535476
